Workbook

Sheet Guia
A1: Sistema de Controle de Estoque — Central, Fracionamento e Setores Consumidores
A2: Igor Morgado · Gerado em 09/07/2026
A4: Este arquivo controla o fluxo: Compra → Central de Distribuição → (Buffet Fran Casaria / Sushi / Restaurante Arboreto / Cozinha de Produção de Fracionados) → Produção de Fracionados → Estoque Fracionado → Sushi / Buffet Fran Casaria / Restaurante Arboreto.
A6: Aba | B6: Objetivo | C6: Uso Principal | D6: Cor das Células
A7: 1. Cadastro de Produtos Brutos | B7: Cadastro-mestre de todo insumo bruto comprado. | C7: Preencher 1x por produto novo. | D7: Azul = digitação
A8: 2. Cadastro de Produtos Fracionados | B8: Cadastro-mestre dos itens gerados pelo fracionamento. | C8: Preencher 1x por item fracionado novo. | D8: Azul = digitação
A9: 3. Cadastro de Locais | B9: Lista dos locais físicos/setores da operação. | C9: Preencher 1x, editar se abrir/fechar setor. | D9: Azul = digitação
A10: 4. Entrada na Central de Distribuição | B10: Registra toda compra/recebimento na Central. | C10: 1 linha por nota fiscal/item recebido. | D10: Azul = digitação, Verde = referência
A11: 5. Saída da Central de Distribuição | B11: Registra envio da Central para os 4 destinos. | C11: 1 linha por saída/transferência. | D11: Azul = digitação, Verde = referência
A12: 6. Produção de Fracionados | B12: Registra consumo de bruto na Cozinha de Fracionamento. | C12: 1 linha por insumo bruto usado no lote. | D12: Azul = digitação, Verde = referência
A13: 7. Entrada de Estoque Fracionado | B13: Registra o produto fracionado gerado pelo lote. | C13: 1 linha por lote de produção finalizado. | D13: Azul = digitação, Verde = referência
A14: 8. Saída de Estoque Fracionado | B14: Registra envio de fracionados para os setores. | C14: 1 linha por saída para Buffet/Sushi/Restaurante. | D14: Azul = digitação, Verde = referência
A15: 9. Movimentações Gerais | B15: Histórico único consolidado de todas as movimentações. | C15: Somente leitura — atualiza sozinho. | D15: Preto = fórmula (não editar)
A16: 10. Estoque Atual por Produto | B16: Saldo consolidado por produto (bruto e fracionado). | C16: Consulta — não editar. | D16: Preto = fórmula (não editar)
A17: 11. Estoque Atual por Local | B17: Saldo por produto x local físico. | C17: Consulta — não editar. | D17: Preto = fórmula (não editar)
... A19: 13. Dashboard Gerencial | B19: Indicadores e gráfico gerencial consolidado. | C19: Consulta gerencial. | D19: Preto = fórmula (não editar)
A21: Regras gerais:
A22: • Só digite em células AZUIS. Células PRETAS têm fórmula — nunca sobrescreva.
A23: • Sempre lance uma nova movimentação em uma NOVA linha, no final da tabela (nunca apague linhas antigas).
A24: • Os menus suspensos (setas ao lado da célula) evitam erro de digitação — sempre use-os.
A25: • O sistema bloqueia saídas maiores que o saldo disponível (mensagem de erro ao digitar).
A26: • As abas 9 a 13 são calculadas automaticamente a partir das abas 1 a 8 — não exigem digitação.

Sheet Cadastro Produtos Brutos
A1: Código do Produto | B1: Nome do Produto | C1: Categoria | D1: Unidade de Medida | E1: Estoque Mínimo | F1: Estoque Máximo | G1: Validade Padrão (dias) | H1: Fornecedor Padrão | I1: Preço Médio de Compra (R$) | J1: Ativo | K1: Observações
A2: BR-001 | B2: Salmão Fresco | C2: Peixes e Frutos do Mar | D2: KG | E2: 5 | F2: 50 | G2: 3 | H2: Fornecedor Mar Azul | I2: 42 | J2: Sim | K2: Manter refrigerado 0-4°C
A3: BR-002 | B3: Arroz Japonês | C3: Grãos e Cereais | D3: KG | E3: 10 | F3: 100 | G3: 180 | H3: Fornecedor Grão Bom | I3: 8.5 | J3: Sim | K3: Armazenar em local seco
A4: BR-003 | B4: Alface Americana | C4: Hortifruti | D4: UN | E4: 5 | F4: 40 | G4: 5 | H4: Fornecedor Horta Feliz | I4: 3.5 | J4: Sim
A5: BR-004 | B5: Filé de Frango | C5: Carnes | D5: KG | E5: 8 | F5: 60 | G5: 4 | H5: Fornecedor Avícola Sul | I5: 22 | J5: Sim | K5: Manter refrigerado 0-4°C
A6: BR-005 | B6: Tomate | C6: Hortifruti | D6: KG | E6: 5 | F6: 40 | G6: 6 | H6: Fornecedor Horta Feliz | I6: 6 | J6: Sim
A7: BR-006 | B7: Queijo Muçarela | C7: Laticínios | D7: KG | E7: 5 | F7: 30 | G7: 20 | H7: Fornecedor Laticínios Serra | I7: 32 | J7: Sim | K7: Manter refrigerado 0-4°C

Sheet Cadastro Produtos Fracionados
A1: Código Fracionado | B1: Nome do Produto Fracionado | C1: Categoria | D1: Unidade de Medida | E1: Código do Produto Bruto de Origem | F1: Nome do Produto Bruto de Origem | G1: Rendimento Padrão (%) | H1: Estoque Mínimo | I1: Estoque Máximo | J1: Validade Padrão Após Fracionamento (dias) | K1: Ativo | L1: Observações
A2: FR-001 | B2: Salmão Fatiado para Sushi | C2: Peixes e Frutos do Mar | D2: KG | E2: BR-001 | F2: =IFERROR(VLOOKUP(E2,'Cadastro Produtos Brutos'!$A:$B,2,0),"") -> Salmão Fresco | G2: 0.85 | H2: 2 | I2: 20 | J2: 2 | K2: Sim | L2: Porções de 20g
A3: FR-002 | B3: Arroz Temperado para Sushi | C3: Grãos e Cereais | D3: KG | E3: BR-002 | F3: =IFERROR(VLOOKUP(E3,'Cadastro Produtos Brutos'!$A:$B,2,0),"") -> Arroz Japonês | G3: 1.1 | H3: 3 | I3: 25 | J3: 2 | K3: Sim | L3: Temperado com vinagre/açúcar/sal
A4: FR-003 | B4: Alface Higienizada e Cortada | C4: Hortifruti | D4: KG | E4: BR-003 | F4: =IFERROR(VLOOKUP(E4,'Cadastro Produtos Brutos'!$A:$B,2,0),"") -> Alface Americana | G4: 0.8 | H4: 2 | I4: 15 | J4: 3 | K4: Sim | L4: Sanitizada em solução clorada
A5: FR-004 | B5: Frango Grelhado em Cubos | C5: Carnes | D5: KG | E5: BR-004 | F5: =IFERROR(VLOOKUP(E5,'Cadastro Produtos Brutos'!$A:$B,2,0),"") -> Filé de Frango | G5: 0.75 | H5: 2 | I5: 15 | J5: 3 | K5: Sim
A6: FR-005 | B6: Tomate Picado | C6: Hortifruti | D6: KG | E6: BR-005 | F6: =IFERROR(VLOOKUP(E6,'Cadastro Produtos Brutos'!$A:$B,2,0),"") -> Tomate | G6: 0.92 | H6: 2 | I6: 15 | J6: 2 | K6: Sim

Sheet Cadastro de Locais
A1: Código do Local | B1: Nome do Local | C1: Tipo de Local | D1: Responsável | E1: Ativo | F1: Observações
A2: CD-01 | B2: Central de Distribuição | C2: Central | D2: Igor Morgado | E2: Sim | F2: Recebe todas as compras
A3: LOC-01 | B3: Buffet Fran Casaria | C3: Consumidor | E3: Sim
A4: LOC-02 | B4: Sushi | C4: Consumidor | E4: Sim
A5: LOC-03 | B5: Restaurante Arboreto | C5: Consumidor | E5: Sim
A6: LOC-04 | B6: Cozinha de Produção de Fracionados | C6: Fracionamento | E6: Sim | F6: Recebe bruto e produz fracionado

Sheet Entrada na Central
A1: Data | B1: Nº NF/Documento | C1: Código do Produto | D1: Nome do Produto | E1: Unidade | F1: Fornecedor | G1: Quantidade | H1: Preço Unitário (R$) | I1: Valor Total (R$) | J1: Nº do Lote | K1: Data de Validade | L1: Responsável pelo Recebimento | M1: Observações
A2: 46204 | B2: NF-1001 | C2: BR-001 | D2: =IFERROR(VLOOKUP(C2,'Cadastro Produtos Brutos'!$A:$B,2,0),"") -> Salmão Fresco | E2: =IFERROR(VLOOKUP(C2,'Cadastro Produtos Brutos'!$A:$D,4,0),"") -> KG | F2: Fornecedor Mar Azul | G2: 40 | H2: 42 | I2: =IF(G2="","",G2*H2) -> 1680 | J2: L001 | K2: 46215 | L2: Igor Morgado
A3: 46204 | B3: NF-1002 | C3: BR-002 | D3: =IFERROR(VLOOKUP(C3,'Cadastro Produtos Brutos'!$A:$B,2,0),"") -> Arroz Japonês | E3: =IFERROR(VLOOKUP(C3,'Cadastro Produtos Brutos'!$A:$D,4,0),"") -> KG | F3: Fornecedor Grão Bom | G3: 30 | H3: 8.5 | I3: =IF(G3="","",G3*H3) -> 255 | J3: L002 | K3: 46388 | L3: Igor Morgado
A4: 46205 | B4: NF-1003 | C4: BR-004 | D4: =IFERROR(VLOOKUP(C4,'Cadastro Produtos Brutos'!$A:$B,2,0),"") -> Filé de Frango | E4: =IFERROR(VLOOKUP(C4,'Cadastro Produtos Brutos'!$A:$D,4,0),"") -> KG | F4: Fornecedor Avícola Sul | G4: 25 | H4: 22 | I4: =IF(G4="","",G4*H4) -> 550 | J4: L003 | K4: 46212 | L4: Igor Morgado
A5: 46205 | B5: NF-1004 | C5: BR-005 | D5: =IFERROR(VLOOKUP(C5,'Cadastro Produtos Brutos'!$A:$B,2,0),"") -> Tomate | E5: =IFERROR(VLOOKUP(C5,'Cadastro Produtos Brutos'!$A:$D,4,0),"") -> KG | F5: Fornecedor Horta Feliz | G5: 20 | H5: 6 | I5: =IF(G5="","",G5*H5) -> 120 | J5: L004 | K5: 46213 | L5: Igor Morgado
A6: 46206 | B6: NF-1005 | C6: BR-003 | D6: =IFERROR(VLOOKUP(C6,'Cadastro Produtos Brutos'!$A:$B,2,0),"") -> Alface Americana | E6: =IFERROR(VLOOKUP(C6,'Cadastro Produtos Brutos'!$A:$D,4,0),"") -> UN | F6: Fornecedor Horta Feliz | G6: 15 | H6: 3.5 | I6: =IF(G6="","",G6*H6) -> 52.5 | J6: L005 | K6: 46212 | L6: Igor Morgado

Sheet Saída da Central
A1: Data | B1: Nº Documento | C1: Código do Produto | D1: Nome do Produto | E1: Unidade | F1: Local de Destino | G1: Quantidade | H1: Saldo na Central Antes desta Saída | I1: Responsável | J1: Observações
A2: 46207 | B2: SC-001 | C2: BR-001 | D2: =IFERROR(VLOOKUP(C2,'Cadastro Produtos Brutos'!$A:$B,2,0),"") -> Salmão Fresco | E2: =IFERROR(VLOOKUP(C2,'Cadastro Produtos Brutos'!$A:$D,4,0),"") -> KG | F2: Cozinha de Produção de Fracionados | G2: 25 | H2: =IFERROR(SUMIF('Entrada na Central'!$C:$C,C2,'Entrada na Central'!$G:$G)-SUMIF($C:$C,C2,$G:$G)+G2,0) -> 40 | I2: Igor Morgado
A3: 46207 | B3: SC-002 | C3: BR-002 | D3: =IFERROR(VLOOKUP(C3,'Cadastro Produtos Brutos'!$A:$B,2,0),"") -> Arroz Japonês | E3: =IFERROR(VLOOKUP(C3,'Cadastro Produtos Brutos'!$A:$D,4,0),"") -> KG | F3: Cozinha de Produção de Fracionados | G3: 20 | H3: =IFERROR(SUMIF('Entrada na Central'!$C:$C,C3,'Entrada na Central'!$G:$G)-SUMIF($C:$C,C3,$G:$G)+G3,0) -> 30 | I3: Igor Morgado
A4: 46208 | B4: SC-003 | C4: BR-004 | D4: =IFERROR(VLOOKUP(C4,'Cadastro Produtos Brutos'!$A:$B,2,0),"") -> Filé de Frango | E4: =IFERROR(VLOOKUP(C4,'Cadastro Produtos Brutos'!$A:$D,4,0),"") -> KG | F4: Restaurante Arboreto | G4: 15 | H4: =IFERROR(SUMIF('Entrada na Central'!$C:$C,C4,'Entrada na Central'!$G:$G)-SUMIF($C:$C,C4,$G:$G)+G4,0) -> 20 | I4: Igor Morgado | J4: Envio direto, sem fracionar
A5: 46208 | B5: SC-004 | C5: BR-005 | D5: =IFERROR(VLOOKUP(C5,'Cadastro Produtos Brutos'!$A:$B,2,0),"") -> Tomate | E5: =IFERROR(VLOOKUP(C5,'Cadastro Produtos Brutos'!$A:$D,4,0),"") -> KG | F5: Cozinha de Produção de Fracionados | G5: 12 | H5: =IFERROR(SUMIF('Entrada na Central'!$C:$C,C5,'Entrada na Central'!$G:$G)-SUMIF($C:$C,C5,$G:$G)+G5,0) -> 20 | I5: Igor Morgado
A6: 46209 | B6: SC-005 | C6: BR-003 | D6: =IFERROR(VLOOKUP(C6,'Cadastro Produtos Brutos'!$A:$B,2,0),"") -> Alface Americana | E6: =IFERROR(VLOOKUP(C6,'Cadastro Produtos Brutos'!$A:$D,4,0),"") -> UN | F6: Cozinha de Produção de Fracionados | G6: 10 | H6: =IFERROR(SUMIF('Entrada na Central'!$C:$C,C6,'Entrada na Central'!$G:$G)-SUMIF($C:$C,C6,$G:$G)+G6,0) -> 15 | I6: Igor Morgado
A7: 46209 | B7: SC-006 | C7: BR-004 | D7: =IFERROR(VLOOKUP(C7,'Cadastro Produtos Brutos'!$A:$B,2,0),"") -> Filé de Frango | E7: =IFERROR(VLOOKUP(C7,'Cadastro Produtos Brutos'!$A:$D,4,0),"") -> KG | F7: Buffet Fran Casaria | G7: 5 | H7: =IFERROR(SUMIF('Entrada na Central'!$C:$C,C7,'Entrada na Central'!$G:$G)-SUMIF($C:$C,C7,$G:$G)+G7,0) -> 10 | I7: Igor Morgado | J7: Envio direto, sem fracionar

Sheet Produção de Fracionados
A1: Data | B1: Nº Lote de Produção | C1: Código Produto Fracionado Resultante | D1: Nome do Fracionado | E1: Código Produto Bruto Utilizado | F1: Nome do Bruto | G1: Quantidade Utilizada | H1: Unidade | I1: Saldo do Bruto na Cozinha Antes desta Produção | J1: Responsável | K1: Observações
A2: 46209 | B2: LP-001 | C2: FR-001 | D2: =IFERROR(VLOOKUP(C2,'Cadastro Produtos Fracionados'!$A:$B,2,0),"") -> Salmão Fatiado para Sushi | E2: BR-001 | F2: =IFERROR(VLOOKUP(E2,'Cadastro Produtos Brutos'!$A:$B,2,0),"") -> Salmão Fresco | G2: 20 | H2: =IFERROR(VLOOKUP(E2,'Cadastro Produtos Brutos'!$A:$D,4,0),"") -> KG | I2: =IFERROR(SUMIFS('Saída da Central'!$G:$G,'Saída da Central'!$C:$C,E2,'Saída da Central'!$F:$F,"Cozinha de Produção de Fracionados")-SUMIF($E:$E,E2,$G:$G)+G2,0) -> 25 | J2: Igor Morgado | K2: Fatiamento de salmão
A3: 46209 | B3: LP-002 | C3: FR-002 | D3: =IFERROR(VLOOKUP(C3,'Cadastro Produtos Fracionados'!$A:$B,2,0),"") -> Arroz Temperado para Sushi | E3: BR-002 | F3: =IFERROR(VLOOKUP(E3,'Cadastro Produtos Brutos'!$A:$B,2,0),"") -> Arroz Japonês | G3: 18 | H3: =IFERROR(VLOOKUP(E3,'Cadastro Produtos Brutos'!$A:$D,4,0),"") -> KG | I3: =IFERROR(SUMIFS('Saída da Central'!$G:$G,'Saída da Central'!$C:$C,E3,'Saída da Central'!$F:$F,"Cozinha de Produção de Fracionados")-SUMIF($E:$E,E3,$G:$G)+G3,0) -> 20 | J3: Igor Morgado | K3: Cozimento e tempero do arroz
A4: 46209 | B4: LP-003 | C4: FR-003 | D4: =IFERROR(VLOOKUP(C4,'Cadastro Produtos Fracionados'!$A:$B,2,0),"") -> Alface Higienizada e Cortada | E4: BR-003 | F4: =IFERROR(VLOOKUP(E4,'Cadastro Produtos Brutos'!$A:$B,2,0),"") -> Alface Americana | G4: 10 | H4: =IFERROR(VLOOKUP(E4,'Cadastro Produtos Brutos'!$A:$D,4,0),"") -> UN | I4: =IFERROR(SUMIFS('Saída da Central'!$G:$G,'Saída da Central'!$C:$C,E4,'Saída da Central'!$F:$F,"Cozinha de Produção de Fracionados")-SUMIF($E:$E,E4,$G:$G)+G4,0) -> 10 | J4: Igor Morgado | K4: Higienização e corte da alface
A5: 46209 | B5: LP-004 | C5: FR-005 | D5: =IFERROR(VLOOKUP(C5,'Cadastro Produtos Fracionados'!$A:$B,2,0),"") -> Tomate Picado | E5: BR-005 | F5: =IFERROR(VLOOKUP(E5,'Cadastro Produtos Brutos'!$A:$B,2,0),"") -> Tomate | G5: 12 | H5: =IFERROR(VLOOKUP(E5,'Cadastro Produtos Brutos'!$A:$D,4,0),"") -> KG | I5: =IFERROR(SUMIFS('Saída da Central'!$G:$G,'Saída da Central'!$C:$C,E5,'Saída da Central'!$F:$F,"Cozinha de Produção de Fracionados")-SUMIF($E:$E,E5,$G:$G)+G5,0) -> 12 | J5: Igor Morgado | K5: Corte do tomate

Sheet Entrada Estoque Fracionado
A1: Data da Produção | B1: Nº Lote de Produção | C1: Código Produto Fracionado | D1: Nome do Fracionado | E1: Quantidade Produzida (Rendimento) | F1: Unidade | G1: Validade Padrão (dias) | H1: Data de Validade | I1: Local de Armazenamento | J1: Responsável | K1: Observações
A2: 46209 | B2: LP-001 | C2: FR-001 | D2: =IFERROR(VLOOKUP(C2,'Cadastro Produtos Fracionados'!$A:$B,2,0),"") -> Salmão Fatiado para Sushi | E2: 17 | F2: =IFERROR(VLOOKUP(C2,'Cadastro Produtos Fracionados'!$A:$D,4,0),"") -> KG | G2: =IFERROR(VLOOKUP(C2,'Cadastro Produtos Fracionados'!$A:$J,10,0),"") -> 2 | H2: =IF(A2="","",A2+G2) -> 46211 | I2: Cozinha de Produção de Fracionados | J2: Igor Morgado | K2: Rendimento de 20kg de salmão bruto
A3: 46209 | B3: LP-002 | C3: FR-002 | D3: =IFERROR(VLOOKUP(C3,'Cadastro Produtos Fracionados'!$A:$B,2,0),"") -> Arroz Temperado para Sushi | E3: 22 | F3: =IFERROR(VLOOKUP(C3,'Cadastro Produtos Fracionados'!$A:$D,4,0),"") -> KG | G3: =IFERROR(VLOOKUP(C3,'Cadastro Produtos Fracionados'!$A:$J,10,0),"") -> 2 | H3: =IF(A3="","",A3+G3) -> 46211 | I3: Cozinha de Produção de Fracionados | J3: Igor Morgado | K3: Ganho de peso por hidratação do tempero
A4: 46209 | B4: LP-003 | C4: FR-003 | D4: =IFERROR(VLOOKUP(C4,'Cadastro Produtos Fracionados'!$A:$B,2,0),"") -> Alface Higienizada e Cortada | E4: 8 | F4: =IFERROR(VLOOKUP(C4,'Cadastro Produtos Fracionados'!$A:$D,4,0),"") -> KG | G4: =IFERROR(VLOOKUP(C4,'Cadastro Produtos Fracionados'!$A:$J,10,0),"") -> 3 | H4: =IF(A4="","",A4+G4) -> 46212 | I4: Cozinha de Produção de Fracionados | J4: Igor Morgado | K4: Perda por aparas na higienização
A5: 46209 | B5: LP-004 | C5: FR-005 | D5: =IFERROR(VLOOKUP(C5,'Cadastro Produtos Fracionados'!$A:$B,2,0),"") -> Tomate Picado | E5: 11 | F5: =IFERROR(VLOOKUP(C5,'Cadastro Produtos Fracionados'!$A:$D,4,0),"") -> KG | G5: =IFERROR(VLOOKUP(C5,'Cadastro Produtos Fracionados'!$A:$J,10,0),"") -> 2 | H5: =IF(A5="","",A5+G5) -> 46211 | I5: Cozinha de Produção de Fracionados | J5: Igor Morgado | K5: Perda por aparas no corte

Sheet Saída Estoque Fracionado
A1: Data | B1: Nº Documento | C1: Código Produto Fracionado | D1: Nome do Fracionado | E1: Unidade | F1: Local de Destino | G1: Quantidade | H1: Saldo Disponível Antes desta Saída | I1: Responsável | J1: Observações
A2: 46210 | B2: SF-001 | C2: FR-001 | D2: =IFERROR(VLOOKUP(C2,'Cadastro Produtos Fracionados'!$A:$B,2,0),"") -> Salmão Fatiado para Sushi | E2: =IFERROR(VLOOKUP(C2,'Cadastro Produtos Fracionados'!$A:$D,4,0),"") -> KG | F2: Sushi | G2: 10 | H2: =IFERROR(SUMIF('Entrada Estoque Fracionado'!$C:$C,C2,'Entrada Estoque Fracionado'!$E:$E)-SUMIF($C:$C,C2,$G:$G)+G2,0) -> 17 | I2: Igor Morgado
A3: 46210 | B3: SF-002 | C3: FR-002 | D3: =IFERROR(VLOOKUP(C3,'Cadastro Produtos Fracionados'!$A:$B,2,0),"") -> Arroz Temperado para Sushi | E3: =IFERROR(VLOOKUP(C3,'Cadastro Produtos Fracionados'!$A:$D,4,0),"") -> KG | F3: Sushi | G3: 12 | H3: =IFERROR(SUMIF('Entrada Estoque Fracionado'!$C:$C,C3,'Entrada Estoque Fracionado'!$E:$E)-SUMIF($C:$C,C3,$G:$G)+G3,0) -> 22 | I3: Igor Morgado
A4: 46210 | B4: SF-003 | C4: FR-003 | D4: =IFERROR(VLOOKUP(C4,'Cadastro Produtos Fracionados'!$A:$B,2,0),"") -> Alface Higienizada e Cortada | E4: =IFERROR(VLOOKUP(C4,'Cadastro Produtos Fracionados'!$A:$D,4,0),"") -> KG | F4: Buffet Fran Casaria | G4: 5 | H4: =IFERROR(SUMIF('Entrada Estoque Fracionado'!$C:$C,C4,'Entrada Estoque Fracionado'!$E:$E)-SUMIF($C:$C,C4,$G:$G)+G4,0) -> 8 | I4: Igor Morgado
A5: 46210 | B5: SF-004 | C5: FR-005 | D5: =IFERROR(VLOOKUP(C5,'Cadastro Produtos Fracionados'!$A:$B,2,0),"") -> Tomate Picado | E5: =IFERROR(VLOOKUP(C5,'Cadastro Produtos Fracionados'!$A:$D,4,0),"") -> KG | F5: Restaurante Arboreto | G5: 6 | H5: =IFERROR(SUMIF('Entrada Estoque Fracionado'!$C:$C,C5,'Entrada Estoque Fracionado'!$E:$E)-SUMIF($C:$C,C5,$G:$G)+G5,0) -> 11 | I5: Igor Morgado

Sheet Movimentações Gerais
A1: Data | B1: Tipo de Movimentação | C1: Origem | D1: Destino | E1: Código do Produto | F1: Nome do Produto | G1: Quantidade | H1: Unidade | I1: Documento/Lote | J1: Responsável | K1: Observações
A2: ENTRADAS — CENTRAL DE DISTRIBUIÇÃO
A3: =IF('Entrada na Central'!A2="","",'Entrada na Central'!A2) -> 46204 | B3: =IF('Entrada na Central'!A2="","","Entrada Central") -> Entrada Central | C3: =IF('Entrada na Central'!A2="","",'Entrada na Central'!F2) -> Fornecedor Mar Azul | D3: =IF('Entrada na Central'!A2="","","Central de Distribuição") -> Central de Distribuição | E3: =IF('Entrada na Central'!A2="","",'Entrada na Central'!C2) -> BR-001 | F3: =IF('Entrada na Central'!A2="","",'Entrada na Central'!D2) -> Salmão Fresco | G3: =IF('Entrada na Central'!A2="","",'Entrada na Central'!G2) -> 40 | H3: =IF('Entrada na Central'!A2="","",'Entrada na Central'!E2) -> KG | I3: =IF('Entrada na Central'!A2="","",'Entrada na Central'!B2&" / "&'Entrada na Central'!J2) -> NF-1001 / L001 | J3: =IF('Entrada na Central'!A2="","",'Entrada na Central'!L2&"") -> Igor Morgado | K3: =IF('Entrada na Central'!A2="","",'Entrada na Central'!M2&"")
A4: =IF('Entrada na Central'!A3="","",'Entrada na Central'!A3) -> 46204 | B4: =IF('Entrada na Central'!A3="","","Entrada Central") -> Entrada Central | C4: =IF('Entrada na Central'!A3="","",'Entrada na Central'!F3) -> Fornecedor Grão Bom | D4: =IF('Entrada na Central'!A3="","","Central de Distribuição") -> Central de Distribuição | E4: =IF('Entrada na Central'!A3="","",'Entrada na Central'!C3) -> BR-002 | F4: =IF('Entrada na Central'!A3="","",'Entrada na Central'!D3) -> Arroz Japonês | G4: =IF('Entrada na Central'!A3="","",'Entrada na Central'!G3) -> 30 | H4: =IF('Entrada na Central'!A3="","",'Entrada na Central'!E3) -> KG | I4: =IF('Entrada na Central'!A3="","",'Entrada na Central'!B3&" / "&'Entrada na Central'!J3) -> NF-1002 / L002 | J4: =IF('Entrada na Central'!A3="","",'Entrada na Central'!L3&"") -> Igor Morgado | K4: =IF('Entrada na Central'!A3="","",'Entrada na Central'!M3&"")
A5: =IF('Entrada na Central'!A4="","",'Entrada na Central'!A4) -> 46205 | B5: =IF('Entrada na Central'!A4="","","Entrada Central") -> Entrada Central | C5: =IF('Entrada na Central'!A4="","",'Entrada na Central'!F4) -> Fornecedor Avícola Sul | D5: =IF('Entrada na Central'!A4="","","Central de Distribuição") -> Central de Distribuição | E5: =IF('Entrada na Central'!A4="","",'Entrada na Central'!C4) -> BR-004 | F5: =IF('Entrada na Central'!A4="","",'Entrada na Central'!D4) -> Filé de Frango | G5: =IF('Entrada na Central'!A4="","",'Entrada na Central'!G4) -> 25 | H5: =IF('Entrada na Central'!A4="","",'Entrada na Central'!E4) -> KG | I5: =IF('Entrada na Central'!A4="","",'Entrada na Central'!B4&" / "&'Entrada na Central'!J4) -> NF-1003 / L003 | J5: =IF('Entrada na Central'!A4="","",'Entrada na Central'!L4&"") -> Igor Morgado | K5: =IF('Entrada na Central'!A4="","",'Entrada na Central'!M4&"")
A6: =IF('Entrada na Central'!A5="","",'Entrada na Central'!A5) -> 46205 | B6: =IF('Entrada na Central'!A5="","","Entrada Central") -> Entrada Central | C6: =IF('Entrada na Central'!A5="","",'Entrada na Central'!F5) -> Fornecedor Horta Feliz | D6: =IF('Entrada na Central'!A5="","","Central de Distribuição") -> Central de Distribuição | E6: =IF('Entrada na Central'!A5="","",'Entrada na Central'!C5) -> BR-005 | F6: =IF('Entrada na Central'!A5="","",'Entrada na Central'!D5) -> Tomate | G6: =IF('Entrada na Central'!A5="","",'Entrada na Central'!G5) -> 20 | H6: =IF('Entrada na Central'!A5="","",'Entrada na Central'!E5) -> KG | I6: =IF('Entrada na Central'!A5="","",'Entrada na Central'!B5&" / "&'Entrada na Central'!J5) -> NF-1004 / L004 | J6: =IF('Entrada na Central'!A5="","",'Entrada na Central'!L5&"") -> Igor Morgado | K6: =IF('Entrada na Central'!A5="","",'Entrada na Central'!M5&"")
A7: =IF('Entrada na Central'!A6="","",'Entrada na Central'!A6) -> 46206 | B7: =IF('Entrada na Central'!A6="","","Entrada Central") -> Entrada Central | C7: =IF('Entrada na Central'!A6="","",'Entrada na Central'!F6) -> Fornecedor Horta Feliz | D7: =IF('Entrada na Central'!A6="","","Central de Distribuição") -> Central de Distribuição | E7: =IF('Entrada na Central'!A6="","",'Entrada na Central'!C6) -> BR-003 | F7: =IF('Entrada na Central'!A6="","",'Entrada na Central'!D6) -> Alface Americana | G7: =IF('Entrada na Central'!A6="","",'Entrada na Central'!G6) -> 15 | H7: =IF('Entrada na Central'!A6="","",'Entrada na Central'!E6) -> UN | I7: =IF('Entrada na Central'!A6="","",'Entrada na Central'!B6&" / "&'Entrada na Central'!J6) -> NF-1005 / L005 | J7: =IF('Entrada na Central'!A6="","",'Entrada na Central'!L6&"") -> Igor Morgado | K7: =IF('Entrada na Central'!A6="","",'Entrada na Central'!M6&"")
A8: =IF('Entrada na Central'!A7="","",'Entrada na Central'!A7) | B8: =IF('Entrada na Central'!A7="","","Entrada Central") | C8: =IF('Entrada na Central'!A7="","",'Entrada na Central'!F7) | D8: =IF('Entrada na Central'!A7="","","Central de Distribuição") | E8: =IF('Entrada na Central'!A7="","",'Entrada na Central'!C7) | F8: =IF('Entrada na Central'!A7="","",'Entrada na Central'!D7) | G8: =IF('Entrada na Central'!A7="","",'Entrada na Central'!G7) | H8: =IF('Entrada na Central'!A7="","",'Entrada na Central'!E7) | I8: =IF('Entrada na Central'!A7="","",'Entrada na Central'!B7&" / "&'Entrada na Central'!J7) | J8: =IF('Entrada na Central'!A7="","",'Entrada na Central'!L7&"") | K8: =IF('Entrada na Central'!A7="","",'Entrada na Central'!M7&"")
A9: =IF('Entrada na Central'!A8="","",'Entrada na Central'!A8) | B9: =IF('Entrada na Central'!A8="","","Entrada Central") | C9: =IF('Entrada na Central'!A8="","",'Entrada na Central'!F8) | D9: =IF('Entrada na Central'!A8="","","Central de Distribuição") | E9: =IF('Entrada na Central'!A8="","",'Entrada na Central'!C8) | F9: =IF('Entrada na Central'!A8="","",'Entrada na Central'!D8) | G9: =IF('Entrada na Central'!A8="","",'Entrada na Central'!G8) | H9: =IF('Entrada na Central'!A8="","",'Entrada na Central'!E8) | I9: =IF('Entrada na Central'!A8="","",'Entrada na Central'!B8&" / "&'Entrada na Central'!J8) | J9: =IF('Entrada na Central'!A8="","",'Entrada na Central'!L8&"") | K9: =IF('Entrada na Central'!A8="","",'Entrada na Central'!M8&"")
A10: =IF('Entrada na Central'!A9="","",'Entrada na Central'!A9) | B10: =IF('Entrada na Central'!A9="","","Entrada Central") | C10: =IF('Entrada na Central'!A9="","",'Entrada na Central'!F9) | D10: =IF('Entrada na Central'!A9="","","Central de Distribuição") | E10: =IF('Entrada na Central'!A9="","",'Entrada na Central'!C9) | F10: =IF('Entrada na Central'!A9="","",'Entrada na Central'!D9) | G10: =IF('Entrada na Central'!A9="","",'Entrada na Central'!G9) | H10: =IF('Entrada na Central'!A9="","",'Entrada na Central'!E9) | I10: =IF('Entrada na Central'!A9="","",'Entrada na Central'!B9&" / "&'Entrada na Central'!J9) | J10: =IF('Entrada na Central'!A9="","",'Entrada na Central'!L9&"") | K10: =IF('Entrada na Central'!A9="","",'Entrada na Central'!M9&"")
A11: =IF('Entrada na Central'!A10="","",'Entrada na Central'!A10) | B11: =IF('Entrada na Central'!A10="","","Entrada Central") | C11: =IF('Entrada na Central'!A10="","",'Entrada na Central'!F10) | D11: =IF('Entrada na Central'!A10="","","Central de Distribuição") | E11: =IF('Entrada na Central'!A10="","",'Entrada na Central'!C10) | F11: =IF('Entrada na Central'!A10="","",'Entrada na Central'!D10) | G11: =IF('Entrada na Central'!A10="","",'Entrada na Central'!G10) | H11: =IF('Entrada na Central'!A10="","",'Entrada na Central'!E10) | I11: =IF('Entrada na Central'!A10="","",'Entrada na Central'!B10&" / "&'Entrada na Central'!J10) | J11: =IF('Entrada na Central'!A10="","",'Entrada na Central'!L10&"") | K11: =IF('Entrada na Central'!A10="","",'Entrada na Central'!M10&"")
A12: =IF('Entrada na Central'!A11="","",'Entrada na Central'!A11) | B12: =IF('Entrada na Central'!A11="","","Entrada Central") | C12: =IF('Entrada na Central'!A11="","",'Entrada na Central'!F11) | D12: =IF('Entrada na Central'!A11="","","Central de Distribuição") | E12: =IF('Entrada na Central'!A11="","",'Entrada na Central'!C11) | F12: =IF('Entrada na Central'!A11="","",'Entrada na Central'!D11) | G12: =IF('Entrada na Central'!A11="","",'Entrada na Central'!G11) | H12: =IF('Entrada na Central'!A11="","",'Entrada na Central'!E11) | I12: =IF('Entrada na Central'!A11="","",'Entrada na Central'!B11&" / "&'Entrada na Central'!J11) | J12: =IF('Entrada na Central'!A11="","",'Entrada na Central'!L11&"") | K12: =IF('Entrada na Central'!A11="","",'Entrada na Central'!M11&"")
A13: =IF('Entrada na Central'!A12="","",'Entrada na Central'!A12) | B13: =IF('Entrada na Central'!A12="","","Entrada Central") | C13: =IF('Entrada na Central'!A12="","",'Entrada na Central'!F12) | D13: =IF('Entrada na Central'!A12="","","Central de Distribuição") | E13: =IF('Entrada na Central'!A12="","",'Entrada na Central'!C12) | F13: =IF('Entrada na Central'!A12="","",'Entrada na Central'!D12) | G13: =IF('Entrada na Central'!A12="","",'Entrada na Central'!G12) | H13: =IF('Entrada na Central'!A12="","",'Entrada na Central'!E12) | I13: =IF('Entrada na Central'!A12="","",'Entrada na Central'!B12&" / "&'Entrada na Central'!J12) | J13: =IF('Entrada na Central'!A12="","",'Entrada na Central'!L12&"") | K13: =IF('Entrada na Central'!A12="","",'Entrada na Central'!M12&"")
A14: =IF('Entrada na Central'!A13="","",'Entrada na Central'!A13) | B14: =IF('Entrada na Central'!A13="","","Entrada Central") | C14: =IF('Entrada na Central'!A13="","",'Entrada na Central'!F13) | D14: =IF('Entrada na Central'!A13="","","Central de Distribuição") | E14: =IF('Entrada na Central'!A13="","",'Entrada na Central'!C13) | F14: =IF('Entrada na Central'!A13="","",'Entrada na Central'!D13) | G14: =IF('Entrada na Central'!A13="","",'Entrada na Central'!G13) | H14: =IF('Entrada na Central'!A13="","",'Entrada na Central'!E13) | I14: =IF('Entrada na Central'!A13="","",'Entrada na Central'!B13&" / "&'Entrada na Central'!J13) | J14: =IF('Entrada na Central'!A13="","",'Entrada na Central'!L13&"") | K14: =IF('Entrada na Central'!A13="","",'Entrada na Central'!M13&"")
... A32: =IF('Entrada na Central'!A31="","",'Entrada na Central'!A31) | B32: =IF('Entrada na Central'!A31="","","Entrada Central") | C32: =IF('Entrada na Central'!A31="","",'Entrada na Central'!F31) | D32: =IF('Entrada na Central'!A31="","","Central de Distribuição") | E32: =IF('Entrada na Central'!A31="","",'Entrada na Central'!C31) | F32: =IF('Entrada na Central'!A31="","",'Entrada na Central'!D31) | G32: =IF('Entrada na Central'!A31="","",'Entrada na Central'!G31) | H32: =IF('Entrada na Central'!A31="","",'Entrada na Central'!E31) | I32: =IF('Entrada na Central'!A31="","",'Entrada na Central'!B31&" / "&'Entrada na Central'!J31) | J32: =IF('Entrada na Central'!A31="","",'Entrada na Central'!L31&"") | K32: =IF('Entrada na Central'!A31="","",'Entrada na Central'!M31&"")
A33: SAÍDAS — CENTRAL DE DISTRIBUIÇÃO
A34: =IF('Saída da Central'!A2="","",'Saída da Central'!A2) -> 46207 | B34: =IF('Saída da Central'!A2="","","Saída Central") -> Saída Central | C34: =IF('Saída da Central'!A2="","","Central de Distribuição") -> Central de Distribuição | D34: =IF('Saída da Central'!A2="","",'Saída da Central'!F2) -> Cozinha de Produção de Fracionados | E34: =IF('Saída da Central'!A2="","",'Saída da Central'!C2) -> BR-001 | F34: =IF('Saída da Central'!A2="","",'Saída da Central'!D2) -> Salmão Fresco | G34: =IF('Saída da Central'!A2="","",'Saída da Central'!G2) -> 25 | H34: =IF('Saída da Central'!A2="","",'Saída da Central'!E2) -> KG | I34: =IF('Saída da Central'!A2="","",'Saída da Central'!B2) -> SC-001 | J34: =IF('Saída da Central'!A2="","",'Saída da Central'!I2&"") -> Igor Morgado | K34: =IF('Saída da Central'!A2="","",'Saída da Central'!J2&"")
A35: =IF('Saída da Central'!A3="","",'Saída da Central'!A3) -> 46207 | B35: =IF('Saída da Central'!A3="","","Saída Central") -> Saída Central | C35: =IF('Saída da Central'!A3="","","Central de Distribuição") -> Central de Distribuição | D35: =IF('Saída da Central'!A3="","",'Saída da Central'!F3) -> Cozinha de Produção de Fracionados | E35: =IF('Saída da Central'!A3="","",'Saída da Central'!C3) -> BR-002 | F35: =IF('Saída da Central'!A3="","",'Saída da Central'!D3) -> Arroz Japonês | G35: =IF('Saída da Central'!A3="","",'Saída da Central'!G3) -> 20 | H35: =IF('Saída da Central'!A3="","",'Saída da Central'!E3) -> KG | I35: =IF('Saída da Central'!A3="","",'Saída da Central'!B3) -> SC-002 | J35: =IF('Saída da Central'!A3="","",'Saída da Central'!I3&"") -> Igor Morgado | K35: =IF('Saída da Central'!A3="","",'Saída da Central'!J3&"")
A36: =IF('Saída da Central'!A4="","",'Saída da Central'!A4) -> 46208 | B36: =IF('Saída da Central'!A4="","","Saída Central") -> Saída Central | C36: =IF('Saída da Central'!A4="","","Central de Distribuição") -> Central de Distribuição | D36: =IF('Saída da Central'!A4="","",'Saída da Central'!F4) -> Restaurante Arboreto | E36: =IF('Saída da Central'!A4="","",'Saída da Central'!C4) -> BR-004 | F36: =IF('Saída da Central'!A4="","",'Saída da Central'!D4) -> Filé de Frango | G36: =IF('Saída da Central'!A4="","",'Saída da Central'!G4) -> 15 | H36: =IF('Saída da Central'!A4="","",'Saída da Central'!E4) -> KG | I36: =IF('Saída da Central'!A4="","",'Saída da Central'!B4) -> SC-003 | J36: =IF('Saída da Central'!A4="","",'Saída da Central'!I4&"") -> Igor Morgado | K36: =IF('Saída da Central'!A4="","",'Saída da Central'!J4&"") -> Envio direto, sem fracionar
A37: =IF('Saída da Central'!A5="","",'Saída da Central'!A5) -> 46208 | B37: =IF('Saída da Central'!A5="","","Saída Central") -> Saída Central | C37: =IF('Saída da Central'!A5="","","Central de Distribuição") -> Central de Distribuição | D37: =IF('Saída da Central'!A5="","",'Saída da Central'!F5) -> Cozinha de Produção de Fracionados | E37: =IF('Saída da Central'!A5="","",'Saída da Central'!C5) -> BR-005 | F37: =IF('Saída da Central'!A5="","",'Saída da Central'!D5) -> Tomate | G37: =IF('Saída da Central'!A5="","",'Saída da Central'!G5) -> 12 | H37: =IF('Saída da Central'!A5="","",'Saída da Central'!E5) -> KG | I37: =IF('Saída da Central'!A5="","",'Saída da Central'!B5) -> SC-004 | J37: =IF('Saída da Central'!A5="","",'Saída da Central'!I5&"") -> Igor Morgado | K37: =IF('Saída da Central'!A5="","",'Saída da Central'!J5&"")
A38: =IF('Saída da Central'!A6="","",'Saída da Central'!A6) -> 46209 | B38: =IF('Saída da Central'!A6="","","Saída Central") -> Saída Central | C38: =IF('Saída da Central'!A6="","","Central de Distribuição") -> Central de Distribuição | D38: =IF('Saída da Central'!A6="","",'Saída da Central'!F6) -> Cozinha de Produção de Fracionados | E38: =IF('Saída da Central'!A6="","",'Saída da Central'!C6) -> BR-003 | F38: =IF('Saída da Central'!A6="","",'Saída da Central'!D6) -> Alface Americana | G38: =IF('Saída da Central'!A6="","",'Saída da Central'!G6) -> 10 | H38: =IF('Saída da Central'!A6="","",'Saída da Central'!E6) -> UN | I38: =IF('Saída da Central'!A6="","",'Saída da Central'!B6) -> SC-005 | J38: =IF('Saída da Central'!A6="","",'Saída da Central'!I6&"") -> Igor Morgado | K38: =IF('Saída da Central'!A6="","",'Saída da Central'!J6&"")
A39: =IF('Saída da Central'!A7="","",'Saída da Central'!A7) -> 46209 | B39: =IF('Saída da Central'!A7="","","Saída Central") -> Saída Central | C39: =IF('Saída da Central'!A7="","","Central de Distribuição") -> Central de Distribuição | D39: =IF('Saída da Central'!A7="","",'Saída da Central'!F7) -> Buffet Fran Casaria | E39: =IF('Saída da Central'!A7="","",'Saída da Central'!C7) -> BR-004 | F39: =IF('Saída da Central'!A7="","",'Saída da Central'!D7) -> Filé de Frango | G39: =IF('Saída da Central'!A7="","",'Saída da Central'!G7) -> 5 | H39: =IF('Saída da Central'!A7="","",'Saída da Central'!E7) -> KG | I39: =IF('Saída da Central'!A7="","",'Saída da Central'!B7) -> SC-006 | J39: =IF('Saída da Central'!A7="","",'Saída da Central'!I7&"") -> Igor Morgado | K39: =IF('Saída da Central'!A7="","",'Saída da Central'!J7&"") -> Envio direto, sem fracionar
A40: =IF('Saída da Central'!A8="","",'Saída da Central'!A8) | B40: =IF('Saída da Central'!A8="","","Saída Central") | C40: =IF('Saída da Central'!A8="","","Central de Distribuição") | D40: =IF('Saída da Central'!A8="","",'Saída da Central'!F8) | E40: =IF('Saída da Central'!A8="","",'Saída da Central'!C8) | F40: =IF('Saída da Central'!A8="","",'Saída da Central'!D8) | G40: =IF('Saída da Central'!A8="","",'Saída da Central'!G8) | H40: =IF('Saída da Central'!A8="","",'Saída da Central'!E8) | I40: =IF('Saída da Central'!A8="","",'Saída da Central'!B8) | J40: =IF('Saída da Central'!A8="","",'Saída da Central'!I8&"") | K40: =IF('Saída da Central'!A8="","",'Saída da Central'!J8&"")
A41: =IF('Saída da Central'!A9="","",'Saída da Central'!A9) | B41: =IF('Saída da Central'!A9="","","Saída Central") | C41: =IF('Saída da Central'!A9="","","Central de Distribuição") | D41: =IF('Saída da Central'!A9="","",'Saída da Central'!F9) | E41: =IF('Saída da Central'!A9="","",'Saída da Central'!C9) | F41: =IF('Saída da Central'!A9="","",'Saída da Central'!D9) | G41: =IF('Saída da Central'!A9="","",'Saída da Central'!G9) | H41: =IF('Saída da Central'!A9="","",'Saída da Central'!E9) | I41: =IF('Saída da Central'!A9="","",'Saída da Central'!B9) | J41: =IF('Saída da Central'!A9="","",'Saída da Central'!I9&"") | K41: =IF('Saída da Central'!A9="","",'Saída da Central'!J9&"")
A42: =IF('Saída da Central'!A10="","",'Saída da Central'!A10) | B42: =IF('Saída da Central'!A10="","","Saída Central") | C42: =IF('Saída da Central'!A10="","","Central de Distribuição") | D42: =IF('Saída da Central'!A10="","",'Saída da Central'!F10) | E42: =IF('Saída da Central'!A10="","",'Saída da Central'!C10) | F42: =IF('Saída da Central'!A10="","",'Saída da Central'!D10) | G42: =IF('Saída da Central'!A10="","",'Saída da Central'!G10) | H42: =IF('Saída da Central'!A10="","",'Saída da Central'!E10) | I42: =IF('Saída da Central'!A10="","",'Saída da Central'!B10) | J42: =IF('Saída da Central'!A10="","",'Saída da Central'!I10&"") | K42: =IF('Saída da Central'!A10="","",'Saída da Central'!J10&"")
A43: =IF('Saída da Central'!A11="","",'Saída da Central'!A11) | B43: =IF('Saída da Central'!A11="","","Saída Central") | C43: =IF('Saída da Central'!A11="","","Central de Distribuição") | D43: =IF('Saída da Central'!A11="","",'Saída da Central'!F11) | E43: =IF('Saída da Central'!A11="","",'Saída da Central'!C11) | F43: =IF('Saída da Central'!A11="","",'Saída da Central'!D11) | G43: =IF('Saída da Central'!A11="","",'Saída da Central'!G11) | H43: =IF('Saída da Central'!A11="","",'Saída da Central'!E11) | I43: =IF('Saída da Central'!A11="","",'Saída da Central'!B11) | J43: =IF('Saída da Central'!A11="","",'Saída da Central'!I11&"") | K43: =IF('Saída da Central'!A11="","",'Saída da Central'!J11&"")
A44: =IF('Saída da Central'!A12="","",'Saída da Central'!A12) | B44: =IF('Saída da Central'!A12="","","Saída Central") | C44: =IF('Saída da Central'!A12="","","Central de Distribuição") | D44: =IF('Saída da Central'!A12="","",'Saída da Central'!F12) | E44: =IF('Saída da Central'!A12="","",'Saída da Central'!C12) | F44: =IF('Saída da Central'!A12="","",'Saída da Central'!D12) | G44: =IF('Saída da Central'!A12="","",'Saída da Central'!G12) | H44: =IF('Saída da Central'!A12="","",'Saída da Central'!E12) | I44: =IF('Saída da Central'!A12="","",'Saída da Central'!B12) | J44: =IF('Saída da Central'!A12="","",'Saída da Central'!I12&"") | K44: =IF('Saída da Central'!A12="","",'Saída da Central'!J12&"")
A45: =IF('Saída da Central'!A13="","",'Saída da Central'!A13) | B45: =IF('Saída da Central'!A13="","","Saída Central") | C45: =IF('Saída da Central'!A13="","","Central de Distribuição") | D45: =IF('Saída da Central'!A13="","",'Saída da Central'!F13) | E45: =IF('Saída da Central'!A13="","",'Saída da Central'!C13) | F45: =IF('Saída da Central'!A13="","",'Saída da Central'!D13) | G45: =IF('Saída da Central'!A13="","",'Saída da Central'!G13) | H45: =IF('Saída da Central'!A13="","",'Saída da Central'!E13) | I45: =IF('Saída da Central'!A13="","",'Saída da Central'!B13) | J45: =IF('Saída da Central'!A13="","",'Saída da Central'!I13&"") | K45: =IF('Saída da Central'!A13="","",'Saída da Central'!J13&"")
... A63: =IF('Saída da Central'!A31="","",'Saída da Central'!A31) | B63: =IF('Saída da Central'!A31="","","Saída Central") | C63: =IF('Saída da Central'!A31="","","Central de Distribuição") | D63: =IF('Saída da Central'!A31="","",'Saída da Central'!F31) | E63: =IF('Saída da Central'!A31="","",'Saída da Central'!C31) | F63: =IF('Saída da Central'!A31="","",'Saída da Central'!D31) | G63: =IF('Saída da Central'!A31="","",'Saída da Central'!G31) | H63: =IF('Saída da Central'!A31="","",'Saída da Central'!E31) | I63: =IF('Saída da Central'!A31="","",'Saída da Central'!B31) | J63: =IF('Saída da Central'!A31="","",'Saída da Central'!I31&"") | K63: =IF('Saída da Central'!A31="","",'Saída da Central'!J31&"")
A64: PRODUÇÃO — CONSUMO DE BRUTO NA COZINHA DE FRACIONAMENTO
A65: =IF('Produção de Fracionados'!A2="","",'Produção de Fracionados'!A2) -> 46209 | B65: =IF('Produção de Fracionados'!A2="","","Produção (Consumo de Bruto)") -> Produção (Consumo de Bruto) | C65: =IF('Produção de Fracionados'!A2="","","Cozinha de Produção de Fracionados") -> Cozinha de Produção de Fracionados | D65: =IF('Produção de Fracionados'!A2="","",'Produção de Fracionados'!D2) -> Salmão Fatiado para Sushi | E65: =IF('Produção de Fracionados'!A2="","",'Produção de Fracionados'!E2) -> BR-001 | F65: =IF('Produção de Fracionados'!A2="","",'Produção de Fracionados'!F2) -> Salmão Fresco | G65: =IF('Produção de Fracionados'!A2="","",'Produção de Fracionados'!G2) -> 20 | H65: =IF('Produção de Fracionados'!A2="","",'Produção de Fracionados'!H2) -> KG | I65: =IF('Produção de Fracionados'!A2="","",'Produção de Fracionados'!B2) -> LP-001 | J65: =IF('Produção de Fracionados'!A2="","",'Produção de Fracionados'!J2&"") -> Igor Morgado | K65: =IF('Produção de Fracionados'!A2="","",'Produção de Fracionados'!K2&"") -> Fatiamento de salmão
A66: =IF('Produção de Fracionados'!A3="","",'Produção de Fracionados'!A3) -> 46209 | B66: =IF('Produção de Fracionados'!A3="","","Produção (Consumo de Bruto)") -> Produção (Consumo de Bruto) | C66: =IF('Produção de Fracionados'!A3="","","Cozinha de Produção de Fracionados") -> Cozinha de Produção de Fracionados | D66: =IF('Produção de Fracionados'!A3="","",'Produção de Fracionados'!D3) -> Arroz Temperado para Sushi | E66: =IF('Produção de Fracionados'!A3="","",'Produção de Fracionados'!E3) -> BR-002 | F66: =IF('Produção de Fracionados'!A3="","",'Produção de Fracionados'!F3) -> Arroz Japonês | G66: =IF('Produção de Fracionados'!A3="","",'Produção de Fracionados'!G3) -> 18 | H66: =IF('Produção de Fracionados'!A3="","",'Produção de Fracionados'!H3) -> KG | I66: =IF('Produção de Fracionados'!A3="","",'Produção de Fracionados'!B3) -> LP-002 | J66: =IF('Produção de Fracionados'!A3="","",'Produção de Fracionados'!J3&"") -> Igor Morgado | K66: =IF('Produção de Fracionados'!A3="","",'Produção de Fracionados'!K3&"") -> Cozimento e tempero do arroz
A67: =IF('Produção de Fracionados'!A4="","",'Produção de Fracionados'!A4) -> 46209 | B67: =IF('Produção de Fracionados'!A4="","","Produção (Consumo de Bruto)") -> Produção (Consumo de Bruto) | C67: =IF('Produção de Fracionados'!A4="","","Cozinha de Produção de Fracionados") -> Cozinha de Produção de Fracionados | D67: =IF('Produção de Fracionados'!A4="","",'Produção de Fracionados'!D4) -> Alface Higienizada e Cortada | E67: =IF('Produção de Fracionados'!A4="","",'Produção de Fracionados'!E4) -> BR-003 | F67: =IF('Produção de Fracionados'!A4="","",'Produção de Fracionados'!F4) -> Alface Americana | G67: =IF('Produção de Fracionados'!A4="","",'Produção de Fracionados'!G4) -> 10 | H67: =IF('Produção de Fracionados'!A4="","",'Produção de Fracionados'!H4) -> UN | I67: =IF('Produção de Fracionados'!A4="","",'Produção de Fracionados'!B4) -> LP-003 | J67: =IF('Produção de Fracionados'!A4="","",'Produção de Fracionados'!J4&"") -> Igor Morgado | K67: =IF('Produção de Fracionados'!A4="","",'Produção de Fracionados'!K4&"") -> Higienização e corte da alface
A68: =IF('Produção de Fracionados'!A5="","",'Produção de Fracionados'!A5) -> 46209 | B68: =IF('Produção de Fracionados'!A5="","","Produção (Consumo de Bruto)") -> Produção (Consumo de Bruto) | C68: =IF('Produção de Fracionados'!A5="","","Cozinha de Produção de Fracionados") -> Cozinha de Produção de Fracionados | D68: =IF('Produção de Fracionados'!A5="","",'Produção de Fracionados'!D5) -> Tomate Picado | E68: =IF('Produção de Fracionados'!A5="","",'Produção de Fracionados'!E5) -> BR-005 | F68: =IF('Produção de Fracionados'!A5="","",'Produção de Fracionados'!F5) -> Tomate | G68: =IF('Produção de Fracionados'!A5="","",'Produção de Fracionados'!G5) -> 12 | H68: =IF('Produção de Fracionados'!A5="","",'Produção de Fracionados'!H5) -> KG | I68: =IF('Produção de Fracionados'!A5="","",'Produção de Fracionados'!B5) -> LP-004 | J68: =IF('Produção de Fracionados'!A5="","",'Produção de Fracionados'!J5&"") -> Igor Morgado | K68: =IF('Produção de Fracionados'!A5="","",'Produção de Fracionados'!K5&"") -> Corte do tomate
A69: =IF('Produção de Fracionados'!A6="","",'Produção de Fracionados'!A6) | B69: =IF('Produção de Fracionados'!A6="","","Produção (Consumo de Bruto)") | C69: =IF('Produção de Fracionados'!A6="","","Cozinha de Produção de Fracionados") | D69: =IF('Produção de Fracionados'!A6="","",'Produção de Fracionados'!D6) | E69: =IF('Produção de Fracionados'!A6="","",'Produção de Fracionados'!E6) | F69: =IF('Produção de Fracionados'!A6="","",'Produção de Fracionados'!F6) | G69: =IF('Produção de Fracionados'!A6="","",'Produção de Fracionados'!G6) | H69: =IF('Produção de Fracionados'!A6="","",'Produção de Fracionados'!H6) | I69: =IF('Produção de Fracionados'!A6="","",'Produção de Fracionados'!B6) | J69: =IF('Produção de Fracionados'!A6="","",'Produção de Fracionados'!J6&"") | K69: =IF('Produção de Fracionados'!A6="","",'Produção de Fracionados'!K6&"")
A70: =IF('Produção de Fracionados'!A7="","",'Produção de Fracionados'!A7) | B70: =IF('Produção de Fracionados'!A7="","","Produção (Consumo de Bruto)") | C70: =IF('Produção de Fracionados'!A7="","","Cozinha de Produção de Fracionados") | D70: =IF('Produção de Fracionados'!A7="","",'Produção de Fracionados'!D7) | E70: =IF('Produção de Fracionados'!A7="","",'Produção de Fracionados'!E7) | F70: =IF('Produção de Fracionados'!A7="","",'Produção de Fracionados'!F7) | G70: =IF('Produção de Fracionados'!A7="","",'Produção de Fracionados'!G7) | H70: =IF('Produção de Fracionados'!A7="","",'Produção de Fracionados'!H7) | I70: =IF('Produção de Fracionados'!A7="","",'Produção de Fracionados'!B7) | J70: =IF('Produção de Fracionados'!A7="","",'Produção de Fracionados'!J7&"") | K70: =IF('Produção de Fracionados'!A7="","",'Produção de Fracionados'!K7&"")
A71: =IF('Produção de Fracionados'!A8="","",'Produção de Fracionados'!A8) | B71: =IF('Produção de Fracionados'!A8="","","Produção (Consumo de Bruto)") | C71: =IF('Produção de Fracionados'!A8="","","Cozinha de Produção de Fracionados") | D71: =IF('Produção de Fracionados'!A8="","",'Produção de Fracionados'!D8) | E71: =IF('Produção de Fracionados'!A8="","",'Produção de Fracionados'!E8) | F71: =IF('Produção de Fracionados'!A8="","",'Produção de Fracionados'!F8) | G71: =IF('Produção de Fracionados'!A8="","",'Produção de Fracionados'!G8) | H71: =IF('Produção de Fracionados'!A8="","",'Produção de Fracionados'!H8) | I71: =IF('Produção de Fracionados'!A8="","",'Produção de Fracionados'!B8) | J71: =IF('Produção de Fracionados'!A8="","",'Produção de Fracionados'!J8&"") | K71: =IF('Produção de Fracionados'!A8="","",'Produção de Fracionados'!K8&"")
A72: =IF('Produção de Fracionados'!A9="","",'Produção de Fracionados'!A9) | B72: =IF('Produção de Fracionados'!A9="","","Produção (Consumo de Bruto)") | C72: =IF('Produção de Fracionados'!A9="","","Cozinha de Produção de Fracionados") | D72: =IF('Produção de Fracionados'!A9="","",'Produção de Fracionados'!D9) | E72: =IF('Produção de Fracionados'!A9="","",'Produção de Fracionados'!E9) | F72: =IF('Produção de Fracionados'!A9="","",'Produção de Fracionados'!F9) | G72: =IF('Produção de Fracionados'!A9="","",'Produção de Fracionados'!G9) | H72: =IF('Produção de Fracionados'!A9="","",'Produção de Fracionados'!H9) | I72: =IF('Produção de Fracionados'!A9="","",'Produção de Fracionados'!B9) | J72: =IF('Produção de Fracionados'!A9="","",'Produção de Fracionados'!J9&"") | K72: =IF('Produção de Fracionados'!A9="","",'Produção de Fracionados'!K9&"")
A73: =IF('Produção de Fracionados'!A10="","",'Produção de Fracionados'!A10) | B73: =IF('Produção de Fracionados'!A10="","","Produção (Consumo de Bruto)") | C73: =IF('Produção de Fracionados'!A10="","","Cozinha de Produção de Fracionados") | D73: =IF('Produção de Fracionados'!A10="","",'Produção de Fracionados'!D10) | E73: =IF('Produção de Fracionados'!A10="","",'Produção de Fracionados'!E10) | F73: =IF('Produção de Fracionados'!A10="","",'Produção de Fracionados'!F10) | G73: =IF('Produção de Fracionados'!A10="","",'Produção de Fracionados'!G10) | H73: =IF('Produção de Fracionados'!A10="","",'Produção de Fracionados'!H10) | I73: =IF('Produção de Fracionados'!A10="","",'Produção de Fracionados'!B10) | J73: =IF('Produção de Fracionados'!A10="","",'Produção de Fracionados'!J10&"") | K73: =IF('Produção de Fracionados'!A10="","",'Produção de Fracionados'!K10&"")
A74: =IF('Produção de Fracionados'!A11="","",'Produção de Fracionados'!A11) | B74: =IF('Produção de Fracionados'!A11="","","Produção (Consumo de Bruto)") | C74: =IF('Produção de Fracionados'!A11="","","Cozinha de Produção de Fracionados") | D74: =IF('Produção de Fracionados'!A11="","",'Produção de Fracionados'!D11) | E74: =IF('Produção de Fracionados'!A11="","",'Produção de Fracionados'!E11) | F74: =IF('Produção de Fracionados'!A11="","",'Produção de Fracionados'!F11) | G74: =IF('Produção de Fracionados'!A11="","",'Produção de Fracionados'!G11) | H74: =IF('Produção de Fracionados'!A11="","",'Produção de Fracionados'!H11) | I74: =IF('Produção de Fracionados'!A11="","",'Produção de Fracionados'!B11) | J74: =IF('Produção de Fracionados'!A11="","",'Produção de Fracionados'!J11&"") | K74: =IF('Produção de Fracionados'!A11="","",'Produção de Fracionados'!K11&"")
A75: =IF('Produção de Fracionados'!A12="","",'Produção de Fracionados'!A12) | B75: =IF('Produção de Fracionados'!A12="","","Produção (Consumo de Bruto)") | C75: =IF('Produção de Fracionados'!A12="","","Cozinha de Produção de Fracionados") | D75: =IF('Produção de Fracionados'!A12="","",'Produção de Fracionados'!D12) | E75: =IF('Produção de Fracionados'!A12="","",'Produção de Fracionados'!E12) | F75: =IF('Produção de Fracionados'!A12="","",'Produção de Fracionados'!F12) | G75: =IF('Produção de Fracionados'!A12="","",'Produção de Fracionados'!G12) | H75: =IF('Produção de Fracionados'!A12="","",'Produção de Fracionados'!H12) | I75: =IF('Produção de Fracionados'!A12="","",'Produção de Fracionados'!B12) | J75: =IF('Produção de Fracionados'!A12="","",'Produção de Fracionados'!J12&"") | K75: =IF('Produção de Fracionados'!A12="","",'Produção de Fracionados'!K12&"")
A76: =IF('Produção de Fracionados'!A13="","",'Produção de Fracionados'!A13) | B76: =IF('Produção de Fracionados'!A13="","","Produção (Consumo de Bruto)") | C76: =IF('Produção de Fracionados'!A13="","","Cozinha de Produção de Fracionados") | D76: =IF('Produção de Fracionados'!A13="","",'Produção de Fracionados'!D13) | E76: =IF('Produção de Fracionados'!A13="","",'Produção de Fracionados'!E13) | F76: =IF('Produção de Fracionados'!A13="","",'Produção de Fracionados'!F13) | G76: =IF('Produção de Fracionados'!A13="","",'Produção de Fracionados'!G13) | H76: =IF('Produção de Fracionados'!A13="","",'Produção de Fracionados'!H13) | I76: =IF('Produção de Fracionados'!A13="","",'Produção de Fracionados'!B13) | J76: =IF('Produção de Fracionados'!A13="","",'Produção de Fracionados'!J13&"") | K76: =IF('Produção de Fracionados'!A13="","",'Produção de Fracionados'!K13&"")
... A94: =IF('Produção de Fracionados'!A31="","",'Produção de Fracionados'!A31) | B94: =IF('Produção de Fracionados'!A31="","","Produção (Consumo de Bruto)") | C94: =IF('Produção de Fracionados'!A31="","","Cozinha de Produção de Fracionados") | D94: =IF('Produção de Fracionados'!A31="","",'Produção de Fracionados'!D31) | E94: =IF('Produção de Fracionados'!A31="","",'Produção de Fracionados'!E31) | F94: =IF('Produção de Fracionados'!A31="","",'Produção de Fracionados'!F31) | G94: =IF('Produção de Fracionados'!A31="","",'Produção de Fracionados'!G31) | H94: =IF('Produção de Fracionados'!A31="","",'Produção de Fracionados'!H31) | I94: =IF('Produção de Fracionados'!A31="","",'Produção de Fracionados'!B31) | J94: =IF('Produção de Fracionados'!A31="","",'Produção de Fracionados'!J31&"") | K94: =IF('Produção de Fracionados'!A31="","",'Produção de Fracionados'!K31&"")
A95: ENTRADAS — ESTOQUE FRACIONADO (SAÍDA DA PRODUÇÃO)
A96: =IF('Entrada Estoque Fracionado'!A2="","",'Entrada Estoque Fracionado'!A2) -> 46209 | B96: =IF('Entrada Estoque Fracionado'!A2="","","Entrada Fracionado (Produção)") -> Entrada Fracionado (Produção) | C96: =IF('Entrada Estoque Fracionado'!A2="","","Produção Lote "&'Entrada Estoque Fracionado'!B2) -> Produção Lote LP-001 | D96: =IF('Entrada Estoque Fracionado'!A2="","",'Entrada Estoque Fracionado'!I2) -> Cozinha de Produção de Fracionados | E96: =IF('Entrada Estoque Fracionado'!A2="","",'Entrada Estoque Fracionado'!C2) -> FR-001 | F96: =IF('Entrada Estoque Fracionado'!A2="","",'Entrada Estoque Fracionado'!D2) -> Salmão Fatiado para Sushi | G96: =IF('Entrada Estoque Fracionado'!A2="","",'Entrada Estoque Fracionado'!E2) -> 17 | H96: =IF('Entrada Estoque Fracionado'!A2="","",'Entrada Estoque Fracionado'!F2) -> KG | I96: =IF('Entrada Estoque Fracionado'!A2="","",'Entrada Estoque Fracionado'!B2) -> LP-001 | J96: =IF('Entrada Estoque Fracionado'!A2="","",'Entrada Estoque Fracionado'!J2) -> Igor Morgado | K96: =IF('Entrada Estoque Fracionado'!A2="","",'Entrada Estoque Fracionado'!K2) -> Rendimento de 20kg de salmão bruto
A97: =IF('Entrada Estoque Fracionado'!A3="","",'Entrada Estoque Fracionado'!A3) -> 46209 | B97: =IF('Entrada Estoque Fracionado'!A3="","","Entrada Fracionado (Produção)") -> Entrada Fracionado (Produção) | C97: =IF('Entrada Estoque Fracionado'!A3="","","Produção Lote "&'Entrada Estoque Fracionado'!B3) -> Produção Lote LP-002 | D97: =IF('Entrada Estoque Fracionado'!A3="","",'Entrada Estoque Fracionado'!I3) -> Cozinha de Produção de Fracionados | E97: =IF('Entrada Estoque Fracionado'!A3="","",'Entrada Estoque Fracionado'!C3) -> FR-002 | F97: =IF('Entrada Estoque Fracionado'!A3="","",'Entrada Estoque Fracionado'!D3) -> Arroz Temperado para Sushi | G97: =IF('Entrada Estoque Fracionado'!A3="","",'Entrada Estoque Fracionado'!E3) -> 22 | H97: =IF('Entrada Estoque Fracionado'!A3="","",'Entrada Estoque Fracionado'!F3) -> KG | I97: =IF('Entrada Estoque Fracionado'!A3="","",'Entrada Estoque Fracionado'!B3) -> LP-002 | J97: =IF('Entrada Estoque Fracionado'!A3="","",'Entrada Estoque Fracionado'!J3) -> Igor Morgado | K97: =IF('Entrada Estoque Fracionado'!A3="","",'Entrada Estoque Fracionado'!K3) -> Ganho de peso por hidratação do tempero
A98: =IF('Entrada Estoque Fracionado'!A4="","",'Entrada Estoque Fracionado'!A4) -> 46209 | B98: =IF('Entrada Estoque Fracionado'!A4="","","Entrada Fracionado (Produção)") -> Entrada Fracionado (Produção) | C98: =IF('Entrada Estoque Fracionado'!A4="","","Produção Lote "&'Entrada Estoque Fracionado'!B4) -> Produção Lote LP-003 | D98: =IF('Entrada Estoque Fracionado'!A4="","",'Entrada Estoque Fracionado'!I4) -> Cozinha de Produção de Fracionados | E98: =IF('Entrada Estoque Fracionado'!A4="","",'Entrada Estoque Fracionado'!C4) -> FR-003 | F98: =IF('Entrada Estoque Fracionado'!A4="","",'Entrada Estoque Fracionado'!D4) -> Alface Higienizada e Cortada | G98: =IF('Entrada Estoque Fracionado'!A4="","",'Entrada Estoque Fracionado'!E4) -> 8 | H98: =IF('Entrada Estoque Fracionado'!A4="","",'Entrada Estoque Fracionado'!F4) -> KG | I98: =IF('Entrada Estoque Fracionado'!A4="","",'Entrada Estoque Fracionado'!B4) -> LP-003 | J98: =IF('Entrada Estoque Fracionado'!A4="","",'Entrada Estoque Fracionado'!J4) -> Igor Morgado | K98: =IF('Entrada Estoque Fracionado'!A4="","",'Entrada Estoque Fracionado'!K4) -> Perda por aparas na higienização
A99: =IF('Entrada Estoque Fracionado'!A5="","",'Entrada Estoque Fracionado'!A5) -> 46209 | B99: =IF('Entrada Estoque Fracionado'!A5="","","Entrada Fracionado (Produção)") -> Entrada Fracionado (Produção) | C99: =IF('Entrada Estoque Fracionado'!A5="","","Produção Lote "&'Entrada Estoque Fracionado'!B5) -> Produção Lote LP-004 | D99: =IF('Entrada Estoque Fracionado'!A5="","",'Entrada Estoque Fracionado'!I5) -> Cozinha de Produção de Fracionados | E99: =IF('Entrada Estoque Fracionado'!A5="","",'Entrada Estoque Fracionado'!C5) -> FR-005 | F99: =IF('Entrada Estoque Fracionado'!A5="","",'Entrada Estoque Fracionado'!D5) -> Tomate Picado | G99: =IF('Entrada Estoque Fracionado'!A5="","",'Entrada Estoque Fracionado'!E5) -> 11 | H99: =IF('Entrada Estoque Fracionado'!A5="","",'Entrada Estoque Fracionado'!F5) -> KG | I99: =IF('Entrada Estoque Fracionado'!A5="","",'Entrada Estoque Fracionado'!B5) -> LP-004 | J99: =IF('Entrada Estoque Fracionado'!A5="","",'Entrada Estoque Fracionado'!J5) -> Igor Morgado | K99: =IF('Entrada Estoque Fracionado'!A5="","",'Entrada Estoque Fracionado'!K5) -> Perda por aparas no corte
A100: =IF('Entrada Estoque Fracionado'!A6="","",'Entrada Estoque Fracionado'!A6) | B100: =IF('Entrada Estoque Fracionado'!A6="","","Entrada Fracionado (Produção)") | C100: =IF('Entrada Estoque Fracionado'!A6="","","Produção Lote "&'Entrada Estoque Fracionado'!B6) | D100: =IF('Entrada Estoque Fracionado'!A6="","",'Entrada Estoque Fracionado'!I6) | E100: =IF('Entrada Estoque Fracionado'!A6="","",'Entrada Estoque Fracionado'!C6) | F100: =IF('Entrada Estoque Fracionado'!A6="","",'Entrada Estoque Fracionado'!D6) | G100: =IF('Entrada Estoque Fracionado'!A6="","",'Entrada Estoque Fracionado'!E6) | H100: =IF('Entrada Estoque Fracionado'!A6="","",'Entrada Estoque Fracionado'!F6) | I100: =IF('Entrada Estoque Fracionado'!A6="","",'Entrada Estoque Fracionado'!B6) | J100: =IF('Entrada Estoque Fracionado'!A6="","",'Entrada Estoque Fracionado'!J6) | K100: =IF('Entrada Estoque Fracionado'!A6="","",'Entrada Estoque Fracionado'!K6)
A101: =IF('Entrada Estoque Fracionado'!A7="","",'Entrada Estoque Fracionado'!A7) | B101: =IF('Entrada Estoque Fracionado'!A7="","","Entrada Fracionado (Produção)") | C101: =IF('Entrada Estoque Fracionado'!A7="","","Produção Lote "&'Entrada Estoque Fracionado'!B7) | D101: =IF('Entrada Estoque Fracionado'!A7="","",'Entrada Estoque Fracionado'!I7) | E101: =IF('Entrada Estoque Fracionado'!A7="","",'Entrada Estoque Fracionado'!C7) | F101: =IF('Entrada Estoque Fracionado'!A7="","",'Entrada Estoque Fracionado'!D7) | G101: =IF('Entrada Estoque Fracionado'!A7="","",'Entrada Estoque Fracionado'!E7) | H101: =IF('Entrada Estoque Fracionado'!A7="","",'Entrada Estoque Fracionado'!F7) | I101: =IF('Entrada Estoque Fracionado'!A7="","",'Entrada Estoque Fracionado'!B7) | J101: =IF('Entrada Estoque Fracionado'!A7="","",'Entrada Estoque Fracionado'!J7) | K101: =IF('Entrada Estoque Fracionado'!A7="","",'Entrada Estoque Fracionado'!K7)
A102: =IF('Entrada Estoque Fracionado'!A8="","",'Entrada Estoque Fracionado'!A8) | B102: =IF('Entrada Estoque Fracionado'!A8="","","Entrada Fracionado (Produção)") | C102: =IF('Entrada Estoque Fracionado'!A8="","","Produção Lote "&'Entrada Estoque Fracionado'!B8) | D102: =IF('Entrada Estoque Fracionado'!A8="","",'Entrada Estoque Fracionado'!I8) | E102: =IF('Entrada Estoque Fracionado'!A8="","",'Entrada Estoque Fracionado'!C8) | F102: =IF('Entrada Estoque Fracionado'!A8="","",'Entrada Estoque Fracionado'!D8) | G102: =IF('Entrada Estoque Fracionado'!A8="","",'Entrada Estoque Fracionado'!E8) | H102: =IF('Entrada Estoque Fracionado'!A8="","",'Entrada Estoque Fracionado'!F8) | I102: =IF('Entrada Estoque Fracionado'!A8="","",'Entrada Estoque Fracionado'!B8) | J102: =IF('Entrada Estoque Fracionado'!A8="","",'Entrada Estoque Fracionado'!J8) | K102: =IF('Entrada Estoque Fracionado'!A8="","",'Entrada Estoque Fracionado'!K8)
A103: =IF('Entrada Estoque Fracionado'!A9="","",'Entrada Estoque Fracionado'!A9) | B103: =IF('Entrada Estoque Fracionado'!A9="","","Entrada Fracionado (Produção)") | C103: =IF('Entrada Estoque Fracionado'!A9="","","Produção Lote "&'Entrada Estoque Fracionado'!B9) | D103: =IF('Entrada Estoque Fracionado'!A9="","",'Entrada Estoque Fracionado'!I9) | E103: =IF('Entrada Estoque Fracionado'!A9="","",'Entrada Estoque Fracionado'!C9) | F103: =IF('Entrada Estoque Fracionado'!A9="","",'Entrada Estoque Fracionado'!D9) | G103: =IF('Entrada Estoque Fracionado'!A9="","",'Entrada Estoque Fracionado'!E9) | H103: =IF('Entrada Estoque Fracionado'!A9="","",'Entrada Estoque Fracionado'!F9) | I103: =IF('Entrada Estoque Fracionado'!A9="","",'Entrada Estoque Fracionado'!B9) | J103: =IF('Entrada Estoque Fracionado'!A9="","",'Entrada Estoque Fracionado'!J9) | K103: =IF('Entrada Estoque Fracionado'!A9="","",'Entrada Estoque Fracionado'!K9)
A104: =IF('Entrada Estoque Fracionado'!A10="","",'Entrada Estoque Fracionado'!A10) | B104: =IF('Entrada Estoque Fracionado'!A10="","","Entrada Fracionado (Produção)") | C104: =IF('Entrada Estoque Fracionado'!A10="","","Produção Lote "&'Entrada Estoque Fracionado'!B10) | D104: =IF('Entrada Estoque Fracionado'!A10="","",'Entrada Estoque Fracionado'!I10) | E104: =IF('Entrada Estoque Fracionado'!A10="","",'Entrada Estoque Fracionado'!C10) | F104: =IF('Entrada Estoque Fracionado'!A10="","",'Entrada Estoque Fracionado'!D10) | G104: =IF('Entrada Estoque Fracionado'!A10="","",'Entrada Estoque Fracionado'!E10) | H104: =IF('Entrada Estoque Fracionado'!A10="","",'Entrada Estoque Fracionado'!F10) | I104: =IF('Entrada Estoque Fracionado'!A10="","",'Entrada Estoque Fracionado'!B10) | J104: =IF('Entrada Estoque Fracionado'!A10="","",'Entrada Estoque Fracionado'!J10) | K104: =IF('Entrada Estoque Fracionado'!A10="","",'Entrada Estoque Fracionado'!K10)
A105: =IF('Entrada Estoque Fracionado'!A11="","",'Entrada Estoque Fracionado'!A11) | B105: =IF('Entrada Estoque Fracionado'!A11="","","Entrada Fracionado (Produção)") | C105: =IF('Entrada Estoque Fracionado'!A11="","","Produção Lote "&'Entrada Estoque Fracionado'!B11) | D105: =IF('Entrada Estoque Fracionado'!A11="","",'Entrada Estoque Fracionado'!I11) | E105: =IF('Entrada Estoque Fracionado'!A11="","",'Entrada Estoque Fracionado'!C11) | F105: =IF('Entrada Estoque Fracionado'!A11="","",'Entrada Estoque Fracionado'!D11) | G105: =IF('Entrada Estoque Fracionado'!A11="","",'Entrada Estoque Fracionado'!E11) | H105: =IF('Entrada Estoque Fracionado'!A11="","",'Entrada Estoque Fracionado'!F11) | I105: =IF('Entrada Estoque Fracionado'!A11="","",'Entrada Estoque Fracionado'!B11) | J105: =IF('Entrada Estoque Fracionado'!A11="","",'Entrada Estoque Fracionado'!J11) | K105: =IF('Entrada Estoque Fracionado'!A11="","",'Entrada Estoque Fracionado'!K11)
A106: =IF('Entrada Estoque Fracionado'!A12="","",'Entrada Estoque Fracionado'!A12) | B106: =IF('Entrada Estoque Fracionado'!A12="","","Entrada Fracionado (Produção)") | C106: =IF('Entrada Estoque Fracionado'!A12="","","Produção Lote "&'Entrada Estoque Fracionado'!B12) | D106: =IF('Entrada Estoque Fracionado'!A12="","",'Entrada Estoque Fracionado'!I12) | E106: =IF('Entrada Estoque Fracionado'!A12="","",'Entrada Estoque Fracionado'!C12) | F106: =IF('Entrada Estoque Fracionado'!A12="","",'Entrada Estoque Fracionado'!D12) | G106: =IF('Entrada Estoque Fracionado'!A12="","",'Entrada Estoque Fracionado'!E12) | H106: =IF('Entrada Estoque Fracionado'!A12="","",'Entrada Estoque Fracionado'!F12) | I106: =IF('Entrada Estoque Fracionado'!A12="","",'Entrada Estoque Fracionado'!B12) | J106: =IF('Entrada Estoque Fracionado'!A12="","",'Entrada Estoque Fracionado'!J12) | K106: =IF('Entrada Estoque Fracionado'!A12="","",'Entrada Estoque Fracionado'!K12)
A107: =IF('Entrada Estoque Fracionado'!A13="","",'Entrada Estoque Fracionado'!A13) | B107: =IF('Entrada Estoque Fracionado'!A13="","","Entrada Fracionado (Produção)") | C107: =IF('Entrada Estoque Fracionado'!A13="","","Produção Lote "&'Entrada Estoque Fracionado'!B13) | D107: =IF('Entrada Estoque Fracionado'!A13="","",'Entrada Estoque Fracionado'!I13) | E107: =IF('Entrada Estoque Fracionado'!A13="","",'Entrada Estoque Fracionado'!C13) | F107: =IF('Entrada Estoque Fracionado'!A13="","",'Entrada Estoque Fracionado'!D13) | G107: =IF('Entrada Estoque Fracionado'!A13="","",'Entrada Estoque Fracionado'!E13) | H107: =IF('Entrada Estoque Fracionado'!A13="","",'Entrada Estoque Fracionado'!F13) | I107: =IF('Entrada Estoque Fracionado'!A13="","",'Entrada Estoque Fracionado'!B13) | J107: =IF('Entrada Estoque Fracionado'!A13="","",'Entrada Estoque Fracionado'!J13) | K107: =IF('Entrada Estoque Fracionado'!A13="","",'Entrada Estoque Fracionado'!K13)
... A125: =IF('Entrada Estoque Fracionado'!A31="","",'Entrada Estoque Fracionado'!A31) | B125: =IF('Entrada Estoque Fracionado'!A31="","","Entrada Fracionado (Produção)") | C125: =IF('Entrada Estoque Fracionado'!A31="","","Produção Lote "&'Entrada Estoque Fracionado'!B31) | D125: =IF('Entrada Estoque Fracionado'!A31="","",'Entrada Estoque Fracionado'!I31) | E125: =IF('Entrada Estoque Fracionado'!A31="","",'Entrada Estoque Fracionado'!C31) | F125: =IF('Entrada Estoque Fracionado'!A31="","",'Entrada Estoque Fracionado'!D31) | G125: =IF('Entrada Estoque Fracionado'!A31="","",'Entrada Estoque Fracionado'!E31) | H125: =IF('Entrada Estoque Fracionado'!A31="","",'Entrada Estoque Fracionado'!F31) | I125: =IF('Entrada Estoque Fracionado'!A31="","",'Entrada Estoque Fracionado'!B31) | J125: =IF('Entrada Estoque Fracionado'!A31="","",'Entrada Estoque Fracionado'!J31) | K125: =IF('Entrada Estoque Fracionado'!A31="","",'Entrada Estoque Fracionado'!K31)
A126: SAÍDAS — ESTOQUE FRACIONADO PARA OS SETORES
A127: =IF('Saída Estoque Fracionado'!A2="","",'Saída Estoque Fracionado'!A2) -> 46210 | B127: =IF('Saída Estoque Fracionado'!A2="","","Saída Fracionado") -> Saída Fracionado | C127: =IF('Saída Estoque Fracionado'!A2="","","Cozinha de Produção de Fracionados") -> Cozinha de Produção de Fracionados | D127: =IF('Saída Estoque Fracionado'!A2="","",'Saída Estoque Fracionado'!F2) -> Sushi | E127: =IF('Saída Estoque Fracionado'!A2="","",'Saída Estoque Fracionado'!C2) -> FR-001 | F127: =IF('Saída Estoque Fracionado'!A2="","",'Saída Estoque Fracionado'!D2) -> Salmão Fatiado para Sushi | G127: =IF('Saída Estoque Fracionado'!A2="","",'Saída Estoque Fracionado'!G2) -> 10 | H127: =IF('Saída Estoque Fracionado'!A2="","",'Saída Estoque Fracionado'!E2) -> KG | I127: =IF('Saída Estoque Fracionado'!A2="","",'Saída Estoque Fracionado'!B2) -> SF-001 | J127: =IF('Saída Estoque Fracionado'!A2="","",'Saída Estoque Fracionado'!I2&"") -> Igor Morgado | K127: =IF('Saída Estoque Fracionado'!A2="","",'Saída Estoque Fracionado'!J2&"")
A128: =IF('Saída Estoque Fracionado'!A3="","",'Saída Estoque Fracionado'!A3) -> 46210 | B128: =IF('Saída Estoque Fracionado'!A3="","","Saída Fracionado") -> Saída Fracionado | C128: =IF('Saída Estoque Fracionado'!A3="","","Cozinha de Produção de Fracionados") -> Cozinha de Produção de Fracionados | D128: =IF('Saída Estoque Fracionado'!A3="","",'Saída Estoque Fracionado'!F3) -> Sushi | E128: =IF('Saída Estoque Fracionado'!A3="","",'Saída Estoque Fracionado'!C3) -> FR-002 | F128: =IF('Saída Estoque Fracionado'!A3="","",'Saída Estoque Fracionado'!D3) -> Arroz Temperado para Sushi | G128: =IF('Saída Estoque Fracionado'!A3="","",'Saída Estoque Fracionado'!G3) -> 12 | H128: =IF('Saída Estoque Fracionado'!A3="","",'Saída Estoque Fracionado'!E3) -> KG | I128: =IF('Saída Estoque Fracionado'!A3="","",'Saída Estoque Fracionado'!B3) -> SF-002 | J128: =IF('Saída Estoque Fracionado'!A3="","",'Saída Estoque Fracionado'!I3&"") -> Igor Morgado | K128: =IF('Saída Estoque Fracionado'!A3="","",'Saída Estoque Fracionado'!J3&"")
A129: =IF('Saída Estoque Fracionado'!A4="","",'Saída Estoque Fracionado'!A4) -> 46210 | B129: =IF('Saída Estoque Fracionado'!A4="","","Saída Fracionado") -> Saída Fracionado | C129: =IF('Saída Estoque Fracionado'!A4="","","Cozinha de Produção de Fracionados") -> Cozinha de Produção de Fracionados | D129: =IF('Saída Estoque Fracionado'!A4="","",'Saída Estoque Fracionado'!F4) -> Buffet Fran Casaria | E129: =IF('Saída Estoque Fracionado'!A4="","",'Saída Estoque Fracionado'!C4) -> FR-003 | F129: =IF('Saída Estoque Fracionado'!A4="","",'Saída Estoque Fracionado'!D4) -> Alface Higienizada e Cortada | G129: =IF('Saída Estoque Fracionado'!A4="","",'Saída Estoque Fracionado'!G4) -> 5 | H129: =IF('Saída Estoque Fracionado'!A4="","",'Saída Estoque Fracionado'!E4) -> KG | I129: =IF('Saída Estoque Fracionado'!A4="","",'Saída Estoque Fracionado'!B4) -> SF-003 | J129: =IF('Saída Estoque Fracionado'!A4="","",'Saída Estoque Fracionado'!I4&"") -> Igor Morgado | K129: =IF('Saída Estoque Fracionado'!A4="","",'Saída Estoque Fracionado'!J4&"")
A130: =IF('Saída Estoque Fracionado'!A5="","",'Saída Estoque Fracionado'!A5) -> 46210 | B130: =IF('Saída Estoque Fracionado'!A5="","","Saída Fracionado") -> Saída Fracionado | C130: =IF('Saída Estoque Fracionado'!A5="","","Cozinha de Produção de Fracionados") -> Cozinha de Produção de Fracionados | D130: =IF('Saída Estoque Fracionado'!A5="","",'Saída Estoque Fracionado'!F5) -> Restaurante Arboreto | E130: =IF('Saída Estoque Fracionado'!A5="","",'Saída Estoque Fracionado'!C5) -> FR-005 | F130: =IF('Saída Estoque Fracionado'!A5="","",'Saída Estoque Fracionado'!D5) -> Tomate Picado | G130: =IF('Saída Estoque Fracionado'!A5="","",'Saída Estoque Fracionado'!G5) -> 6 | H130: =IF('Saída Estoque Fracionado'!A5="","",'Saída Estoque Fracionado'!E5) -> KG | I130: =IF('Saída Estoque Fracionado'!A5="","",'Saída Estoque Fracionado'!B5) -> SF-004 | J130: =IF('Saída Estoque Fracionado'!A5="","",'Saída Estoque Fracionado'!I5&"") -> Igor Morgado | K130: =IF('Saída Estoque Fracionado'!A5="","",'Saída Estoque Fracionado'!J5&"")
A131: =IF('Saída Estoque Fracionado'!A6="","",'Saída Estoque Fracionado'!A6) | B131: =IF('Saída Estoque Fracionado'!A6="","","Saída Fracionado") | C131: =IF('Saída Estoque Fracionado'!A6="","","Cozinha de Produção de Fracionados") | D131: =IF('Saída Estoque Fracionado'!A6="","",'Saída Estoque Fracionado'!F6) | E131: =IF('Saída Estoque Fracionado'!A6="","",'Saída Estoque Fracionado'!C6) | F131: =IF('Saída Estoque Fracionado'!A6="","",'Saída Estoque Fracionado'!D6) | G131: =IF('Saída Estoque Fracionado'!A6="","",'Saída Estoque Fracionado'!G6) | H131: =IF('Saída Estoque Fracionado'!A6="","",'Saída Estoque Fracionado'!E6) | I131: =IF('Saída Estoque Fracionado'!A6="","",'Saída Estoque Fracionado'!B6) | J131: =IF('Saída Estoque Fracionado'!A6="","",'Saída Estoque Fracionado'!I6&"") | K131: =IF('Saída Estoque Fracionado'!A6="","",'Saída Estoque Fracionado'!J6&"")
A132: =IF('Saída Estoque Fracionado'!A7="","",'Saída Estoque Fracionado'!A7) | B132: =IF('Saída Estoque Fracionado'!A7="","","Saída Fracionado") | C132: =IF('Saída Estoque Fracionado'!A7="","","Cozinha de Produção de Fracionados") | D132: =IF('Saída Estoque Fracionado'!A7="","",'Saída Estoque Fracionado'!F7) | E132: =IF('Saída Estoque Fracionado'!A7="","",'Saída Estoque Fracionado'!C7) | F132: =IF('Saída Estoque Fracionado'!A7="","",'Saída Estoque Fracionado'!D7) | G132: =IF('Saída Estoque Fracionado'!A7="","",'Saída Estoque Fracionado'!G7) | H132: =IF('Saída Estoque Fracionado'!A7="","",'Saída Estoque Fracionado'!E7) | I132: =IF('Saída Estoque Fracionado'!A7="","",'Saída Estoque Fracionado'!B7) | J132: =IF('Saída Estoque Fracionado'!A7="","",'Saída Estoque Fracionado'!I7&"") | K132: =IF('Saída Estoque Fracionado'!A7="","",'Saída Estoque Fracionado'!J7&"")
A133: =IF('Saída Estoque Fracionado'!A8="","",'Saída Estoque Fracionado'!A8) | B133: =IF('Saída Estoque Fracionado'!A8="","","Saída Fracionado") | C133: =IF('Saída Estoque Fracionado'!A8="","","Cozinha de Produção de Fracionados") | D133: =IF('Saída Estoque Fracionado'!A8="","",'Saída Estoque Fracionado'!F8) | E133: =IF('Saída Estoque Fracionado'!A8="","",'Saída Estoque Fracionado'!C8) | F133: =IF('Saída Estoque Fracionado'!A8="","",'Saída Estoque Fracionado'!D8) | G133: =IF('Saída Estoque Fracionado'!A8="","",'Saída Estoque Fracionado'!G8) | H133: =IF('Saída Estoque Fracionado'!A8="","",'Saída Estoque Fracionado'!E8) | I133: =IF('Saída Estoque Fracionado'!A8="","",'Saída Estoque Fracionado'!B8) | J133: =IF('Saída Estoque Fracionado'!A8="","",'Saída Estoque Fracionado'!I8&"") | K133: =IF('Saída Estoque Fracionado'!A8="","",'Saída Estoque Fracionado'!J8&"")
A134: =IF('Saída Estoque Fracionado'!A9="","",'Saída Estoque Fracionado'!A9) | B134: =IF('Saída Estoque Fracionado'!A9="","","Saída Fracionado") | C134: =IF('Saída Estoque Fracionado'!A9="","","Cozinha de Produção de Fracionados") | D134: =IF('Saída Estoque Fracionado'!A9="","",'Saída Estoque Fracionado'!F9) | E134: =IF('Saída Estoque Fracionado'!A9="","",'Saída Estoque Fracionado'!C9) | F134: =IF('Saída Estoque Fracionado'!A9="","",'Saída Estoque Fracionado'!D9) | G134: =IF('Saída Estoque Fracionado'!A9="","",'Saída Estoque Fracionado'!G9) | H134: =IF('Saída Estoque Fracionado'!A9="","",'Saída Estoque Fracionado'!E9) | I134: =IF('Saída Estoque Fracionado'!A9="","",'Saída Estoque Fracionado'!B9) | J134: =IF('Saída Estoque Fracionado'!A9="","",'Saída Estoque Fracionado'!I9&"") | K134: =IF('Saída Estoque Fracionado'!A9="","",'Saída Estoque Fracionado'!J9&"")
A135: =IF('Saída Estoque Fracionado'!A10="","",'Saída Estoque Fracionado'!A10) | B135: =IF('Saída Estoque Fracionado'!A10="","","Saída Fracionado") | C135: =IF('Saída Estoque Fracionado'!A10="","","Cozinha de Produção de Fracionados") | D135: =IF('Saída Estoque Fracionado'!A10="","",'Saída Estoque Fracionado'!F10) | E135: =IF('Saída Estoque Fracionado'!A10="","",'Saída Estoque Fracionado'!C10) | F135: =IF('Saída Estoque Fracionado'!A10="","",'Saída Estoque Fracionado'!D10) | G135: =IF('Saída Estoque Fracionado'!A10="","",'Saída Estoque Fracionado'!G10) | H135: =IF('Saída Estoque Fracionado'!A10="","",'Saída Estoque Fracionado'!E10) | I135: =IF('Saída Estoque Fracionado'!A10="","",'Saída Estoque Fracionado'!B10) | J135: =IF('Saída Estoque Fracionado'!A10="","",'Saída Estoque Fracionado'!I10&"") | K135: =IF('Saída Estoque Fracionado'!A10="","",'Saída Estoque Fracionado'!J10&"")
A136: =IF('Saída Estoque Fracionado'!A11="","",'Saída Estoque Fracionado'!A11) | B136: =IF('Saída Estoque Fracionado'!A11="","","Saída Fracionado") | C136: =IF('Saída Estoque Fracionado'!A11="","","Cozinha de Produção de Fracionados") | D136: =IF('Saída Estoque Fracionado'!A11="","",'Saída Estoque Fracionado'!F11) | E136: =IF('Saída Estoque Fracionado'!A11="","",'Saída Estoque Fracionado'!C11) | F136: =IF('Saída Estoque Fracionado'!A11="","",'Saída Estoque Fracionado'!D11) | G136: =IF('Saída Estoque Fracionado'!A11="","",'Saída Estoque Fracionado'!G11) | H136: =IF('Saída Estoque Fracionado'!A11="","",'Saída Estoque Fracionado'!E11) | I136: =IF('Saída Estoque Fracionado'!A11="","",'Saída Estoque Fracionado'!B11) | J136: =IF('Saída Estoque Fracionado'!A11="","",'Saída Estoque Fracionado'!I11&"") | K136: =IF('Saída Estoque Fracionado'!A11="","",'Saída Estoque Fracionado'!J11&"")
A137: =IF('Saída Estoque Fracionado'!A12="","",'Saída Estoque Fracionado'!A12) | B137: =IF('Saída Estoque Fracionado'!A12="","","Saída Fracionado") | C137: =IF('Saída Estoque Fracionado'!A12="","","Cozinha de Produção de Fracionados") | D137: =IF('Saída Estoque Fracionado'!A12="","",'Saída Estoque Fracionado'!F12) | E137: =IF('Saída Estoque Fracionado'!A12="","",'Saída Estoque Fracionado'!C12) | F137: =IF('Saída Estoque Fracionado'!A12="","",'Saída Estoque Fracionado'!D12) | G137: =IF('Saída Estoque Fracionado'!A12="","",'Saída Estoque Fracionado'!G12) | H137: =IF('Saída Estoque Fracionado'!A12="","",'Saída Estoque Fracionado'!E12) | I137: =IF('Saída Estoque Fracionado'!A12="","",'Saída Estoque Fracionado'!B12) | J137: =IF('Saída Estoque Fracionado'!A12="","",'Saída Estoque Fracionado'!I12&"") | K137: =IF('Saída Estoque Fracionado'!A12="","",'Saída Estoque Fracionado'!J12&"")
A138: =IF('Saída Estoque Fracionado'!A13="","",'Saída Estoque Fracionado'!A13) | B138: =IF('Saída Estoque Fracionado'!A13="","","Saída Fracionado") | C138: =IF('Saída Estoque Fracionado'!A13="","","Cozinha de Produção de Fracionados") | D138: =IF('Saída Estoque Fracionado'!A13="","",'Saída Estoque Fracionado'!F13) | E138: =IF('Saída Estoque Fracionado'!A13="","",'Saída Estoque Fracionado'!C13) | F138: =IF('Saída Estoque Fracionado'!A13="","",'Saída Estoque Fracionado'!D13) | G138: =IF('Saída Estoque Fracionado'!A13="","",'Saída Estoque Fracionado'!G13) | H138: =IF('Saída Estoque Fracionado'!A13="","",'Saída Estoque Fracionado'!E13) | I138: =IF('Saída Estoque Fracionado'!A13="","",'Saída Estoque Fracionado'!B13) | J138: =IF('Saída Estoque Fracionado'!A13="","",'Saída Estoque Fracionado'!I13&"") | K138: =IF('Saída Estoque Fracionado'!A13="","",'Saída Estoque Fracionado'!J13&"")
... A156: =IF('Saída Estoque Fracionado'!A31="","",'Saída Estoque Fracionado'!A31) | B156: =IF('Saída Estoque Fracionado'!A31="","","Saída Fracionado") | C156: =IF('Saída Estoque Fracionado'!A31="","","Cozinha de Produção de Fracionados") | D156: =IF('Saída Estoque Fracionado'!A31="","",'Saída Estoque Fracionado'!F31) | E156: =IF('Saída Estoque Fracionado'!A31="","",'Saída Estoque Fracionado'!C31) | F156: =IF('Saída Estoque Fracionado'!A31="","",'Saída Estoque Fracionado'!D31) | G156: =IF('Saída Estoque Fracionado'!A31="","",'Saída Estoque Fracionado'!G31) | H156: =IF('Saída Estoque Fracionado'!A31="","",'Saída Estoque Fracionado'!E31) | I156: =IF('Saída Estoque Fracionado'!A31="","",'Saída Estoque Fracionado'!B31) | J156: =IF('Saída Estoque Fracionado'!A31="","",'Saída Estoque Fracionado'!I31&"") | K156: =IF('Saída Estoque Fracionado'!A31="","",'Saída Estoque Fracionado'!J31&"")

Sheet Estoque Atual por Produto
A1: ESTOQUE ATUAL — PRODUTOS BRUTOS (SALDO NA CENTRAL DE DISTRIBUIÇÃO)
A2: Código | B2: Nome do Produto | C2: Unidade | D2: Total Entradas | E2: Total Saídas | F2: Saldo Atual | G2: Estoque Mínimo | H2: Estoque Máximo | I2: Status
A3: ='Cadastro Produtos Brutos'!A2 -> BR-001 | B3: ='Cadastro Produtos Brutos'!B2 -> Salmão Fresco | C3: ='Cadastro Produtos Brutos'!D2 -> KG | D3: =SUMIF('Entrada na Central'!$C:$C,A3,'Entrada na Central'!$G:$G) -> 40 | E3: =SUMIF('Saída da Central'!$C:$C,A3,'Saída da Central'!$G:$G) -> 25 | F3: =D3-E3 -> 15 | G3: ='Cadastro Produtos Brutos'!E2 -> 5 | H3: ='Cadastro Produtos Brutos'!F2 -> 50 | I3: =IF(F3<=G3,"⚠ ABAIXO DO MÍNIMO",IF(F3>=H3,"▲ ACIMA DO MÁXIMO","✓ NORMAL")) -> ✓ NORMAL
A4: ='Cadastro Produtos Brutos'!A3 -> BR-002 | B4: ='Cadastro Produtos Brutos'!B3 -> Arroz Japonês | C4: ='Cadastro Produtos Brutos'!D3 -> KG | D4: =SUMIF('Entrada na Central'!$C:$C,A4,'Entrada na Central'!$G:$G) -> 30 | E4: =SUMIF('Saída da Central'!$C:$C,A4,'Saída da Central'!$G:$G) -> 20 | F4: =D4-E4 -> 10 | G4: ='Cadastro Produtos Brutos'!E3 -> 10 | H4: ='Cadastro Produtos Brutos'!F3 -> 100 | I4: =IF(F4<=G4,"⚠ ABAIXO DO MÍNIMO",IF(F4>=H4,"▲ ACIMA DO MÁXIMO","✓ NORMAL")) -> ⚠ ABAIXO DO MÍNIMO
A5: ='Cadastro Produtos Brutos'!A4 -> BR-003 | B5: ='Cadastro Produtos Brutos'!B4 -> Alface Americana | C5: ='Cadastro Produtos Brutos'!D4 -> UN | D5: =SUMIF('Entrada na Central'!$C:$C,A5,'Entrada na Central'!$G:$G) -> 15 | E5: =SUMIF('Saída da Central'!$C:$C,A5,'Saída da Central'!$G:$G) -> 10 | F5: =D5-E5 -> 5 | G5: ='Cadastro Produtos Brutos'!E4 -> 5 | H5: ='Cadastro Produtos Brutos'!F4 -> 40 | I5: =IF(F5<=G5,"⚠ ABAIXO DO MÍNIMO",IF(F5>=H5,"▲ ACIMA DO MÁXIMO","✓ NORMAL")) -> ⚠ ABAIXO DO MÍNIMO
A6: ='Cadastro Produtos Brutos'!A5 -> BR-004 | B6: ='Cadastro Produtos Brutos'!B5 -> Filé de Frango | C6: ='Cadastro Produtos Brutos'!D5 -> KG | D6: =SUMIF('Entrada na Central'!$C:$C,A6,'Entrada na Central'!$G:$G) -> 25 | E6: =SUMIF('Saída da Central'!$C:$C,A6,'Saída da Central'!$G:$G) -> 20 | F6: =D6-E6 -> 5 | G6: ='Cadastro Produtos Brutos'!E5 -> 8 | H6: ='Cadastro Produtos Brutos'!F5 -> 60 | I6: =IF(F6<=G6,"⚠ ABAIXO DO MÍNIMO",IF(F6>=H6,"▲ ACIMA DO MÁXIMO","✓ NORMAL")) -> ⚠ ABAIXO DO MÍNIMO
A7: ='Cadastro Produtos Brutos'!A6 -> BR-005 | B7: ='Cadastro Produtos Brutos'!B6 -> Tomate | C7: ='Cadastro Produtos Brutos'!D6 -> KG | D7: =SUMIF('Entrada na Central'!$C:$C,A7,'Entrada na Central'!$G:$G) -> 20 | E7: =SUMIF('Saída da Central'!$C:$C,A7,'Saída da Central'!$G:$G) -> 12 | F7: =D7-E7 -> 8 | G7: ='Cadastro Produtos Brutos'!E6 -> 5 | H7: ='Cadastro Produtos Brutos'!F6 -> 40 | I7: =IF(F7<=G7,"⚠ ABAIXO DO MÍNIMO",IF(F7>=H7,"▲ ACIMA DO MÁXIMO","✓ NORMAL")) -> ✓ NORMAL
A8: ='Cadastro Produtos Brutos'!A7 -> BR-006 | B8: ='Cadastro Produtos Brutos'!B7 -> Queijo Muçarela | C8: ='Cadastro Produtos Brutos'!D7 -> KG | D8: =SUMIF('Entrada na Central'!$C:$C,A8,'Entrada na Central'!$G:$G) -> 0 | E8: =SUMIF('Saída da Central'!$C:$C,A8,'Saída da Central'!$G:$G) -> 0 | F8: =D8-E8 -> 0 | G8: ='Cadastro Produtos Brutos'!E7 -> 5 | H8: ='Cadastro Produtos Brutos'!F7 -> 30 | I8: =IF(F8<=G8,"⚠ ABAIXO DO MÍNIMO",IF(F8>=H8,"▲ ACIMA DO MÁXIMO","✓ NORMAL")) -> ⚠ ABAIXO DO MÍNIMO
A10: ESTOQUE ATUAL — PRODUTOS FRACIONADOS (SALDO NA COZINHA DE PRODUÇÃO DE FRACIONADOS)
A11: Código | B11: Nome do Produto | C11: Unidade | D11: Total Produzido | E11: Total Distribuído | F11: Saldo Atual | G11: Estoque Mínimo | H11: Estoque Máximo | I11: Status
A12: ='Cadastro Produtos Fracionados'!A2 -> FR-001 | B12: ='Cadastro Produtos Fracionados'!B2 -> Salmão Fatiado para Sushi | C12: ='Cadastro Produtos Fracionados'!D2 -> KG | D12: =SUMIF('Entrada Estoque Fracionado'!$C:$C,A12,'Entrada Estoque Fracionado'!$E:$E) -> 17 | E12: =SUMIF('Saída Estoque Fracionado'!$C:$C,A12,'Saída Estoque Fracionado'!$G:$G) -> 10 | F12: =D12-E12 -> 7 | G12: ='Cadastro Produtos Fracionados'!H2 -> 2 | H12: ='Cadastro Produtos Fracionados'!I2 -> 20 | I12: =IF(F12<=G12,"⚠ ABAIXO DO MÍNIMO",IF(F12>=H12,"▲ ACIMA DO MÁXIMO","✓ NORMAL")) -> ✓ NORMAL
A13: ='Cadastro Produtos Fracionados'!A3 -> FR-002 | B13: ='Cadastro Produtos Fracionados'!B3 -> Arroz Temperado para Sushi | C13: ='Cadastro Produtos Fracionados'!D3 -> KG | D13: =SUMIF('Entrada Estoque Fracionado'!$C:$C,A13,'Entrada Estoque Fracionado'!$E:$E) -> 22 | E13: =SUMIF('Saída Estoque Fracionado'!$C:$C,A13,'Saída Estoque Fracionado'!$G:$G) -> 12 | F13: =D13-E13 -> 10 | G13: ='Cadastro Produtos Fracionados'!H3 -> 3 | H13: ='Cadastro Produtos Fracionados'!I3 -> 25 | I13: =IF(F13<=G13,"⚠ ABAIXO DO MÍNIMO",IF(F13>=H13,"▲ ACIMA DO MÁXIMO","✓ NORMAL")) -> ✓ NORMAL
A14: ='Cadastro Produtos Fracionados'!A4 -> FR-003 | B14: ='Cadastro Produtos Fracionados'!B4 -> Alface Higienizada e Cortada | C14: ='Cadastro Produtos Fracionados'!D4 -> KG | D14: =SUMIF('Entrada Estoque Fracionado'!$C:$C,A14,'Entrada Estoque Fracionado'!$E:$E) -> 8 | E14: =SUMIF('Saída Estoque Fracionado'!$C:$C,A14,'Saída Estoque Fracionado'!$G:$G) -> 5 | F14: =D14-E14 -> 3 | G14: ='Cadastro Produtos Fracionados'!H4 -> 2 | H14: ='Cadastro Produtos Fracionados'!I4 -> 15 | I14: =IF(F14<=G14,"⚠ ABAIXO DO MÍNIMO",IF(F14>=H14,"▲ ACIMA DO MÁXIMO","✓ NORMAL")) -> ✓ NORMAL
A15: ='Cadastro Produtos Fracionados'!A5 -> FR-004 | B15: ='Cadastro Produtos Fracionados'!B5 -> Frango Grelhado em Cubos | C15: ='Cadastro Produtos Fracionados'!D5 -> KG | D15: =SUMIF('Entrada Estoque Fracionado'!$C:$C,A15,'Entrada Estoque Fracionado'!$E:$E) -> 0 | E15: =SUMIF('Saída Estoque Fracionado'!$C:$C,A15,'Saída Estoque Fracionado'!$G:$G) -> 0 | F15: =D15-E15 -> 0 | G15: ='Cadastro Produtos Fracionados'!H5 -> 2 | H15: ='Cadastro Produtos Fracionados'!I5 -> 15 | I15: =IF(F15<=G15,"⚠ ABAIXO DO MÍNIMO",IF(F15>=H15,"▲ ACIMA DO MÁXIMO","✓ NORMAL")) -> ⚠ ABAIXO DO MÍNIMO
A16: ='Cadastro Produtos Fracionados'!A6 -> FR-005 | B16: ='Cadastro Produtos Fracionados'!B6 -> Tomate Picado | C16: ='Cadastro Produtos Fracionados'!D6 -> KG | D16: =SUMIF('Entrada Estoque Fracionado'!$C:$C,A16,'Entrada Estoque Fracionado'!$E:$E) -> 11 | E16: =SUMIF('Saída Estoque Fracionado'!$C:$C,A16,'Saída Estoque Fracionado'!$G:$G) -> 6 | F16: =D16-E16 -> 5 | G16: ='Cadastro Produtos Fracionados'!H6 -> 2 | H16: ='Cadastro Produtos Fracionados'!I6 -> 15 | I16: =IF(F16<=G16,"⚠ ABAIXO DO MÍNIMO",IF(F16>=H16,"▲ ACIMA DO MÁXIMO","✓ NORMAL")) -> ✓ NORMAL

Sheet Estoque Atual por Local
A1: Local | B1: Tipo de Produto | C1: Código do Produto | D1: Nome do Produto | E1: Unidade | F1: Saldo Atual | G1: Status
A2: Central de Distribuição | B2: Bruto | C2: ='Cadastro Produtos Brutos'!A2 -> BR-001 | D2: ='Cadastro Produtos Brutos'!B2 -> Salmão Fresco | E2: ='Cadastro Produtos Brutos'!D2 -> KG | F2: =SUMIF('Entrada na Central'!$C:$C,C2,'Entrada na Central'!$G:$G)-SUMIF('Saída da Central'!$C:$C,C2,'Saída da Central'!$G:$G) -> 15 | G2: =IF(F2<=('Cadastro Produtos Brutos'!E2),"⚠ ABAIXO DO MÍNIMO","✓ NORMAL") -> ✓ NORMAL
A3: Central de Distribuição | B3: Bruto | C3: ='Cadastro Produtos Brutos'!A3 -> BR-002 | D3: ='Cadastro Produtos Brutos'!B3 -> Arroz Japonês | E3: ='Cadastro Produtos Brutos'!D3 -> KG | F3: =SUMIF('Entrada na Central'!$C:$C,C3,'Entrada na Central'!$G:$G)-SUMIF('Saída da Central'!$C:$C,C3,'Saída da Central'!$G:$G) -> 10 | G3: =IF(F3<=('Cadastro Produtos Brutos'!E3),"⚠ ABAIXO DO MÍNIMO","✓ NORMAL") -> ⚠ ABAIXO DO MÍNIMO
A4: Central de Distribuição | B4: Bruto | C4: ='Cadastro Produtos Brutos'!A4 -> BR-003 | D4: ='Cadastro Produtos Brutos'!B4 -> Alface Americana | E4: ='Cadastro Produtos Brutos'!D4 -> UN | F4: =SUMIF('Entrada na Central'!$C:$C,C4,'Entrada na Central'!$G:$G)-SUMIF('Saída da Central'!$C:$C,C4,'Saída da Central'!$G:$G) -> 5 | G4: =IF(F4<=('Cadastro Produtos Brutos'!E4),"⚠ ABAIXO DO MÍNIMO","✓ NORMAL") -> ⚠ ABAIXO DO MÍNIMO
A5: Central de Distribuição | B5: Bruto | C5: ='Cadastro Produtos Brutos'!A5 -> BR-004 | D5: ='Cadastro Produtos Brutos'!B5 -> Filé de Frango | E5: ='Cadastro Produtos Brutos'!D5 -> KG | F5: =SUMIF('Entrada na Central'!$C:$C,C5,'Entrada na Central'!$G:$G)-SUMIF('Saída da Central'!$C:$C,C5,'Saída da Central'!$G:$G) -> 5 | G5: =IF(F5<=('Cadastro Produtos Brutos'!E5),"⚠ ABAIXO DO MÍNIMO","✓ NORMAL") -> ⚠ ABAIXO DO MÍNIMO
A6: Central de Distribuição | B6: Bruto | C6: ='Cadastro Produtos Brutos'!A6 -> BR-005 | D6: ='Cadastro Produtos Brutos'!B6 -> Tomate | E6: ='Cadastro Produtos Brutos'!D6 -> KG | F6: =SUMIF('Entrada na Central'!$C:$C,C6,'Entrada na Central'!$G:$G)-SUMIF('Saída da Central'!$C:$C,C6,'Saída da Central'!$G:$G) -> 8 | G6: =IF(F6<=('Cadastro Produtos Brutos'!E6),"⚠ ABAIXO DO MÍNIMO","✓ NORMAL") -> ✓ NORMAL
A7: Central de Distribuição | B7: Bruto | C7: ='Cadastro Produtos Brutos'!A7 -> BR-006 | D7: ='Cadastro Produtos Brutos'!B7 -> Queijo Muçarela | E7: ='Cadastro Produtos Brutos'!D7 -> KG | F7: =SUMIF('Entrada na Central'!$C:$C,C7,'Entrada na Central'!$G:$G)-SUMIF('Saída da Central'!$C:$C,C7,'Saída da Central'!$G:$G) -> 0 | G7: =IF(F7<=('Cadastro Produtos Brutos'!E7),"⚠ ABAIXO DO MÍNIMO","✓ NORMAL") -> ⚠ ABAIXO DO MÍNIMO
A8: Cozinha de Produção de Fracionados | B8: Bruto | C8: ='Cadastro Produtos Brutos'!A2 -> BR-001 | D8: ='Cadastro Produtos Brutos'!B2 -> Salmão Fresco | E8: ='Cadastro Produtos Brutos'!D2 -> KG | F8: =SUMIFS('Saída da Central'!$G:$G,'Saída da Central'!$C:$C,C8,'Saída da Central'!$F:$F,"Cozinha de Produção de Fracionados")-SUMIF('Produção de Fracionados'!$E:$E,C8,'Produção de Fracionados'!$G:$G) -> 5 | G8: =IF(F8<=(0),"⚠ ABAIXO DO MÍNIMO","✓ NORMAL") -> ✓ NORMAL
A9: Cozinha de Produção de Fracionados | B9: Bruto | C9: ='Cadastro Produtos Brutos'!A3 -> BR-002 | D9: ='Cadastro Produtos Brutos'!B3 -> Arroz Japonês | E9: ='Cadastro Produtos Brutos'!D3 -> KG | F9: =SUMIFS('Saída da Central'!$G:$G,'Saída da Central'!$C:$C,C9,'Saída da Central'!$F:$F,"Cozinha de Produção de Fracionados")-SUMIF('Produção de Fracionados'!$E:$E,C9,'Produção de Fracionados'!$G:$G) -> 2 | G9: =IF(F9<=(0),"⚠ ABAIXO DO MÍNIMO","✓ NORMAL") -> ✓ NORMAL
A10: Cozinha de Produção de Fracionados | B10: Bruto | C10: ='Cadastro Produtos Brutos'!A4 -> BR-003 | D10: ='Cadastro Produtos Brutos'!B4 -> Alface Americana | E10: ='Cadastro Produtos Brutos'!D4 -> UN | F10: =SUMIFS('Saída da Central'!$G:$G,'Saída da Central'!$C:$C,C10,'Saída da Central'!$F:$F,"Cozinha de Produção de Fracionados")-SUMIF('Produção de Fracionados'!$E:$E,C10,'Produção de Fracionados'!$G:$G) -> 0 | G10: =IF(F10<=(0),"⚠ ABAIXO DO MÍNIMO","✓ NORMAL") -> ⚠ ABAIXO DO MÍNIMO
A11: Cozinha de Produção de Fracionados | B11: Bruto | C11: ='Cadastro Produtos Brutos'!A5 -> BR-004 | D11: ='Cadastro Produtos Brutos'!B5 -> Filé de Frango | E11: ='Cadastro Produtos Brutos'!D5 -> KG | F11: =SUMIFS('Saída da Central'!$G:$G,'Saída da Central'!$C:$C,C11,'Saída da Central'!$F:$F,"Cozinha de Produção de Fracionados")-SUMIF('Produção de Fracionados'!$E:$E,C11,'Produção de Fracionados'!$G:$G) -> 0 | G11: =IF(F11<=(0),"⚠ ABAIXO DO MÍNIMO","✓ NORMAL") -> ⚠ ABAIXO DO MÍNIMO
A12: Cozinha de Produção de Fracionados | B12: Bruto | C12: ='Cadastro Produtos Brutos'!A6 -> BR-005 | D12: ='Cadastro Produtos Brutos'!B6 -> Tomate | E12: ='Cadastro Produtos Brutos'!D6 -> KG | F12: =SUMIFS('Saída da Central'!$G:$G,'Saída da Central'!$C:$C,C12,'Saída da Central'!$F:$F,"Cozinha de Produção de Fracionados")-SUMIF('Produção de Fracionados'!$E:$E,C12,'Produção de Fracionados'!$G:$G) -> 0 | G12: =IF(F12<=(0),"⚠ ABAIXO DO MÍNIMO","✓ NORMAL") -> ⚠ ABAIXO DO MÍNIMO
A13: Cozinha de Produção de Fracionados | B13: Bruto | C13: ='Cadastro Produtos Brutos'!A7 -> BR-006 | D13: ='Cadastro Produtos Brutos'!B7 -> Queijo Muçarela | E13: ='Cadastro Produtos Brutos'!D7 -> KG | F13: =SUMIFS('Saída da Central'!$G:$G,'Saída da Central'!$C:$C,C13,'Saída da Central'!$F:$F,"Cozinha de Produção de Fracionados")-SUMIF('Produção de Fracionados'!$E:$E,C13,'Produção de Fracionados'!$G:$G) -> 0 | G13: =IF(F13<=(0),"⚠ ABAIXO DO MÍNIMO","✓ NORMAL") -> ⚠ ABAIXO DO MÍNIMO
A14: Buffet Fran Casaria | B14: Bruto | C14: ='Cadastro Produtos Brutos'!A2 -> BR-001 | D14: ='Cadastro Produtos Brutos'!B2 -> Salmão Fresco | E14: ='Cadastro Produtos Brutos'!D2 -> KG | F14: =SUMIFS('Saída da Central'!$G:$G,'Saída da Central'!$C:$C,C14,'Saída da Central'!$F:$F,"Buffet Fran Casaria") -> 0 | G14: =IF(F14<=(0),"⚠ ABAIXO DO MÍNIMO","✓ NORMAL") -> ⚠ ABAIXO DO MÍNIMO
A15: Buffet Fran Casaria | B15: Bruto | C15: ='Cadastro Produtos Brutos'!A3 -> BR-002 | D15: ='Cadastro Produtos Brutos'!B3 -> Arroz Japonês | E15: ='Cadastro Produtos Brutos'!D3 -> KG | F15: =SUMIFS('Saída da Central'!$G:$G,'Saída da Central'!$C:$C,C15,'Saída da Central'!$F:$F,"Buffet Fran Casaria") -> 0 | G15: =IF(F15<=(0),"⚠ ABAIXO DO MÍNIMO","✓ NORMAL") -> ⚠ ABAIXO DO MÍNIMO
A16: Buffet Fran Casaria | B16: Bruto | C16: ='Cadastro Produtos Brutos'!A4 -> BR-003 | D16: ='Cadastro Produtos Brutos'!B4 -> Alface Americana | E16: ='Cadastro Produtos Brutos'!D4 -> UN | F16: =SUMIFS('Saída da Central'!$G:$G,'Saída da Central'!$C:$C,C16,'Saída da Central'!$F:$F,"Buffet Fran Casaria") -> 0 | G16: =IF(F16<=(0),"⚠ ABAIXO DO MÍNIMO","✓ NORMAL") -> ⚠ ABAIXO DO MÍNIMO
A17: Buffet Fran Casaria | B17: Bruto | C17: ='Cadastro Produtos Brutos'!A5 -> BR-004 | D17: ='Cadastro Produtos Brutos'!B5 -> Filé de Frango | E17: ='Cadastro Produtos Brutos'!D5 -> KG | F17: =SUMIFS('Saída da Central'!$G:$G,'Saída da Central'!$C:$C,C17,'Saída da Central'!$F:$F,"Buffet Fran Casaria") -> 5 | G17: =IF(F17<=(0),"⚠ ABAIXO DO MÍNIMO","✓ NORMAL") -> ✓ NORMAL
A18: Buffet Fran Casaria | B18: Bruto | C18: ='Cadastro Produtos Brutos'!A6 -> BR-005 | D18: ='Cadastro Produtos Brutos'!B6 -> Tomate | E18: ='Cadastro Produtos Brutos'!D6 -> KG | F18: =SUMIFS('Saída da Central'!$G:$G,'Saída da Central'!$C:$C,C18,'Saída da Central'!$F:$F,"Buffet Fran Casaria") -> 0 | G18: =IF(F18<=(0),"⚠ ABAIXO DO MÍNIMO","✓ NORMAL") -> ⚠ ABAIXO DO MÍNIMO
A19: Buffet Fran Casaria | B19: Bruto | C19: ='Cadastro Produtos Brutos'!A7 -> BR-006 | D19: ='Cadastro Produtos Brutos'!B7 -> Queijo Muçarela | E19: ='Cadastro Produtos Brutos'!D7 -> KG | F19: =SUMIFS('Saída da Central'!$G:$G,'Saída da Central'!$C:$C,C19,'Saída da Central'!$F:$F,"Buffet Fran Casaria") -> 0 | G19: =IF(F19<=(0),"⚠ ABAIXO DO MÍNIMO","✓ NORMAL") -> ⚠ ABAIXO DO MÍNIMO
A20: Sushi | B20: Bruto | C20: ='Cadastro Produtos Brutos'!A2 -> BR-001 | D20: ='Cadastro Produtos Brutos'!B2 -> Salmão Fresco | E20: ='Cadastro Produtos Brutos'!D2 -> KG | F20: =SUMIFS('Saída da Central'!$G:$G,'Saída da Central'!$C:$C,C20,'Saída da Central'!$F:$F,"Sushi") -> 0 | G20: =IF(F20<=(0),"⚠ ABAIXO DO MÍNIMO","✓ NORMAL") -> ⚠ ABAIXO DO MÍNIMO
A21: Sushi | B21: Bruto | C21: ='Cadastro Produtos Brutos'!A3 -> BR-002 | D21: ='Cadastro Produtos Brutos'!B3 -> Arroz Japonês | E21: ='Cadastro Produtos Brutos'!D3 -> KG | F21: =SUMIFS('Saída da Central'!$G:$G,'Saída da Central'!$C:$C,C21,'Saída da Central'!$F:$F,"Sushi") -> 0 | G21: =IF(F21<=(0),"⚠ ABAIXO DO MÍNIMO","✓ NORMAL") -> ⚠ ABAIXO DO MÍNIMO
A22: Sushi | B22: Bruto | C22: ='Cadastro Produtos Brutos'!A4 -> BR-003 | D22: ='Cadastro Produtos Brutos'!B4 -> Alface Americana | E22: ='Cadastro Produtos Brutos'!D4 -> UN | F22: =SUMIFS('Saída da Central'!$G:$G,'Saída da Central'!$C:$C,C22,'Saída da Central'!$F:$F,"Sushi") -> 0 | G22: =IF(F22<=(0),"⚠ ABAIXO DO MÍNIMO","✓ NORMAL") -> ⚠ ABAIXO DO MÍNIMO
A23: Sushi | B23: Bruto | C23: ='Cadastro Produtos Brutos'!A5 -> BR-004 | D23: ='Cadastro Produtos Brutos'!B5 -> Filé de Frango | E23: ='Cadastro Produtos Brutos'!D5 -> KG | F23: =SUMIFS('Saída da Central'!$G:$G,'Saída da Central'!$C:$C,C23,'Saída da Central'!$F:$F,"Sushi") -> 0 | G23: =IF(F23<=(0),"⚠ ABAIXO DO MÍNIMO","✓ NORMAL") -> ⚠ ABAIXO DO MÍNIMO
A24: Sushi | B24: Bruto | C24: ='Cadastro Produtos Brutos'!A6 -> BR-005 | D24: ='Cadastro Produtos Brutos'!B6 -> Tomate | E24: ='Cadastro Produtos Brutos'!D6 -> KG | F24: =SUMIFS('Saída da Central'!$G:$G,'Saída da Central'!$C:$C,C24,'Saída da Central'!$F:$F,"Sushi") -> 0 | G24: =IF(F24<=(0),"⚠ ABAIXO DO MÍNIMO","✓ NORMAL") -> ⚠ ABAIXO DO MÍNIMO
A25: Sushi | B25: Bruto | C25: ='Cadastro Produtos Brutos'!A7 -> BR-006 | D25: ='Cadastro Produtos Brutos'!B7 -> Queijo Muçarela | E25: ='Cadastro Produtos Brutos'!D7 -> KG | F25: =SUMIFS('Saída da Central'!$G:$G,'Saída da Central'!$C:$C,C25,'Saída da Central'!$F:$F,"Sushi") -> 0 | G25: =IF(F25<=(0),"⚠ ABAIXO DO MÍNIMO","✓ NORMAL") -> ⚠ ABAIXO DO MÍNIMO
A26: Restaurante Arboreto | B26: Bruto | C26: ='Cadastro Produtos Brutos'!A2 -> BR-001 | D26: ='Cadastro Produtos Brutos'!B2 -> Salmão Fresco | E26: ='Cadastro Produtos Brutos'!D2 -> KG | F26: =SUMIFS('Saída da Central'!$G:$G,'Saída da Central'!$C:$C,C26,'Saída da Central'!$F:$F,"Restaurante Arboreto") -> 0 | G26: =IF(F26<=(0),"⚠ ABAIXO DO MÍNIMO","✓ NORMAL") -> ⚠ ABAIXO DO MÍNIMO
A27: Restaurante Arboreto | B27: Bruto | C27: ='Cadastro Produtos Brutos'!A3 -> BR-002 | D27: ='Cadastro Produtos Brutos'!B3 -> Arroz Japonês | E27: ='Cadastro Produtos Brutos'!D3 -> KG | F27: =SUMIFS('Saída da Central'!$G:$G,'Saída da Central'!$C:$C,C27,'Saída da Central'!$F:$F,"Restaurante Arboreto") -> 0 | G27: =IF(F27<=(0),"⚠ ABAIXO DO MÍNIMO","✓ NORMAL") -> ⚠ ABAIXO DO MÍNIMO
A28: Restaurante Arboreto | B28: Bruto | C28: ='Cadastro Produtos Brutos'!A4 -> BR-003 | D28: ='Cadastro Produtos Brutos'!B4 -> Alface Americana | E28: ='Cadastro Produtos Brutos'!D4 -> UN | F28: =SUMIFS('Saída da Central'!$G:$G,'Saída da Central'!$C:$C,C28,'Saída da Central'!$F:$F,"Restaurante Arboreto") -> 0 | G28: =IF(F28<=(0),"⚠ ABAIXO DO MÍNIMO","✓ NORMAL") -> ⚠ ABAIXO DO MÍNIMO
A29: Restaurante Arboreto | B29: Bruto | C29: ='Cadastro Produtos Brutos'!A5 -> BR-004 | D29: ='Cadastro Produtos Brutos'!B5 -> Filé de Frango | E29: ='Cadastro Produtos Brutos'!D5 -> KG | F29: =SUMIFS('Saída da Central'!$G:$G,'Saída da Central'!$C:$C,C29,'Saída da Central'!$F:$F,"Restaurante Arboreto") -> 15 | G29: =IF(F29<=(0),"⚠ ABAIXO DO MÍNIMO","✓ NORMAL") -> ✓ NORMAL
A30: Restaurante Arboreto | B30: Bruto | C30: ='Cadastro Produtos Brutos'!A6 -> BR-005 | D30: ='Cadastro Produtos Brutos'!B6 -> Tomate | E30: ='Cadastro Produtos Brutos'!D6 -> KG | F30: =SUMIFS('Saída da Central'!$G:$G,'Saída da Central'!$C:$C,C30,'Saída da Central'!$F:$F,"Restaurante Arboreto") -> 0 | G30: =IF(F30<=(0),"⚠ ABAIXO DO MÍNIMO","✓ NORMAL") -> ⚠ ABAIXO DO MÍNIMO
A31: Restaurante Arboreto | B31: Bruto | C31: ='Cadastro Produtos Brutos'!A7 -> BR-006 | D31: ='Cadastro Produtos Brutos'!B7 -> Queijo Muçarela | E31: ='Cadastro Produtos Brutos'!D7 -> KG | F31: =SUMIFS('Saída da Central'!$G:$G,'Saída da Central'!$C:$C,C31,'Saída da Central'!$F:$F,"Restaurante Arboreto") -> 0 | G31: =IF(F31<=(0),"⚠ ABAIXO DO MÍNIMO","✓ NORMAL") -> ⚠ ABAIXO DO MÍNIMO
A32: Cozinha de Produção de Fracionados | B32: Fracionado | C32: ='Cadastro Produtos Fracionados'!A2 -> FR-001 | D32: ='Cadastro Produtos Fracionados'!B2 -> Salmão Fatiado para Sushi | E32: ='Cadastro Produtos Fracionados'!D2 -> KG | F32: =SUMIF('Entrada Estoque Fracionado'!$C:$C,C32,'Entrada Estoque Fracionado'!$E:$E)-SUMIF('Saída Estoque Fracionado'!$C:$C,C32,'Saída Estoque Fracionado'!$G:$G) -> 7 | G32: =IF(F32<=('Cadastro Produtos Fracionados'!H2),"⚠ ABAIXO DO MÍNIMO","✓ NORMAL") -> ✓ NORMAL
A33: Cozinha de Produção de Fracionados | B33: Fracionado | C33: ='Cadastro Produtos Fracionados'!A3 -> FR-002 | D33: ='Cadastro Produtos Fracionados'!B3 -> Arroz Temperado para Sushi | E33: ='Cadastro Produtos Fracionados'!D3 -> KG | F33: =SUMIF('Entrada Estoque Fracionado'!$C:$C,C33,'Entrada Estoque Fracionado'!$E:$E)-SUMIF('Saída Estoque Fracionado'!$C:$C,C33,'Saída Estoque Fracionado'!$G:$G) -> 10 | G33: =IF(F33<=('Cadastro Produtos Fracionados'!H3),"⚠ ABAIXO DO MÍNIMO","✓ NORMAL") -> ✓ NORMAL
A34: Cozinha de Produção de Fracionados | B34: Fracionado | C34: ='Cadastro Produtos Fracionados'!A4 -> FR-003 | D34: ='Cadastro Produtos Fracionados'!B4 -> Alface Higienizada e Cortada | E34: ='Cadastro Produtos Fracionados'!D4 -> KG | F34: =SUMIF('Entrada Estoque Fracionado'!$C:$C,C34,'Entrada Estoque Fracionado'!$E:$E)-SUMIF('Saída Estoque Fracionado'!$C:$C,C34,'Saída Estoque Fracionado'!$G:$G) -> 3 | G34: =IF(F34<=('Cadastro Produtos Fracionados'!H4),"⚠ ABAIXO DO MÍNIMO","✓ NORMAL") -> ✓ NORMAL
A35: Cozinha de Produção de Fracionados | B35: Fracionado | C35: ='Cadastro Produtos Fracionados'!A5 -> FR-004 | D35: ='Cadastro Produtos Fracionados'!B5 -> Frango Grelhado em Cubos | E35: ='Cadastro Produtos Fracionados'!D5 -> KG | F35: =SUMIF('Entrada Estoque Fracionado'!$C:$C,C35,'Entrada Estoque Fracionado'!$E:$E)-SUMIF('Saída Estoque Fracionado'!$C:$C,C35,'Saída Estoque Fracionado'!$G:$G) -> 0 | G35: =IF(F35<=('Cadastro Produtos Fracionados'!H5),"⚠ ABAIXO DO MÍNIMO","✓ NORMAL") -> ⚠ ABAIXO DO MÍNIMO
A36: Cozinha de Produção de Fracionados | B36: Fracionado | C36: ='Cadastro Produtos Fracionados'!A6 -> FR-005 | D36: ='Cadastro Produtos Fracionados'!B6 -> Tomate Picado | E36: ='Cadastro Produtos Fracionados'!D6 -> KG | F36: =SUMIF('Entrada Estoque Fracionado'!$C:$C,C36,'Entrada Estoque Fracionado'!$E:$E)-SUMIF('Saída Estoque Fracionado'!$C:$C,C36,'Saída Estoque Fracionado'!$G:$G) -> 5 | G36: =IF(F36<=('Cadastro Produtos Fracionados'!H6),"⚠ ABAIXO DO MÍNIMO","✓ NORMAL") -> ✓ NORMAL
A37: Buffet Fran Casaria | B37: Fracionado | C37: ='Cadastro Produtos Fracionados'!A2 -> FR-001 | D37: ='Cadastro Produtos Fracionados'!B2 -> Salmão Fatiado para Sushi | E37: ='Cadastro Produtos Fracionados'!D2 -> KG | F37: =SUMIFS('Saída Estoque Fracionado'!$G:$G,'Saída Estoque Fracionado'!$C:$C,C37,'Saída Estoque Fracionado'!$F:$F,"Buffet Fran Casaria") -> 0 | G37: =IF(F37<=(0),"⚠ ABAIXO DO MÍNIMO","✓ NORMAL") -> ⚠ ABAIXO DO MÍNIMO
A38: Buffet Fran Casaria | B38: Fracionado | C38: ='Cadastro Produtos Fracionados'!A3 -> FR-002 | D38: ='Cadastro Produtos Fracionados'!B3 -> Arroz Temperado para Sushi | E38: ='Cadastro Produtos Fracionados'!D3 -> KG | F38: =SUMIFS('Saída Estoque Fracionado'!$G:$G,'Saída Estoque Fracionado'!$C:$C,C38,'Saída Estoque Fracionado'!$F:$F,"Buffet Fran Casaria") -> 0 | G38: =IF(F38<=(0),"⚠ ABAIXO DO MÍNIMO","✓ NORMAL") -> ⚠ ABAIXO DO MÍNIMO
A39: Buffet Fran Casaria | B39: Fracionado | C39: ='Cadastro Produtos Fracionados'!A4 -> FR-003 | D39: ='Cadastro Produtos Fracionados'!B4 -> Alface Higienizada e Cortada | E39: ='Cadastro Produtos Fracionados'!D4 -> KG | F39: =SUMIFS('Saída Estoque Fracionado'!$G:$G,'Saída Estoque Fracionado'!$C:$C,C39,'Saída Estoque Fracionado'!$F:$F,"Buffet Fran Casaria") -> 5 | G39: =IF(F39<=(0),"⚠ ABAIXO DO MÍNIMO","✓ NORMAL") -> ✓ NORMAL
A40: Buffet Fran Casaria | B40: Fracionado | C40: ='Cadastro Produtos Fracionados'!A5 -> FR-004 | D40: ='Cadastro Produtos Fracionados'!B5 -> Frango Grelhado em Cubos | E40: ='Cadastro Produtos Fracionados'!D5 -> KG | F40: =SUMIFS('Saída Estoque Fracionado'!$G:$G,'Saída Estoque Fracionado'!$C:$C,C40,'Saída Estoque Fracionado'!$F:$F,"Buffet Fran Casaria") -> 0 | G40: =IF(F40<=(0),"⚠ ABAIXO DO MÍNIMO","✓ NORMAL") -> ⚠ ABAIXO DO MÍNIMO
A41: Buffet Fran Casaria | B41: Fracionado | C41: ='Cadastro Produtos Fracionados'!A6 -> FR-005 | D41: ='Cadastro Produtos Fracionados'!B6 -> Tomate Picado | E41: ='Cadastro Produtos Fracionados'!D6 -> KG | F41: =SUMIFS('Saída Estoque Fracionado'!$G:$G,'Saída Estoque Fracionado'!$C:$C,C41,'Saída Estoque Fracionado'!$F:$F,"Buffet Fran Casaria") -> 0 | G41: =IF(F41<=(0),"⚠ ABAIXO DO MÍNIMO","✓ NORMAL") -> ⚠ ABAIXO DO MÍNIMO
A42: Sushi | B42: Fracionado | C42: ='Cadastro Produtos Fracionados'!A2 -> FR-001 | D42: ='Cadastro Produtos Fracionados'!B2 -> Salmão Fatiado para Sushi | E42: ='Cadastro Produtos Fracionados'!D2 -> KG | F42: =SUMIFS('Saída Estoque Fracionado'!$G:$G,'Saída Estoque Fracionado'!$C:$C,C42,'Saída Estoque Fracionado'!$F:$F,"Sushi") -> 10 | G42: =IF(F42<=(0),"⚠ ABAIXO DO MÍNIMO","✓ NORMAL") -> ✓ NORMAL
A43: Sushi | B43: Fracionado | C43: ='Cadastro Produtos Fracionados'!A3 -> FR-002 | D43: ='Cadastro Produtos Fracionados'!B3 -> Arroz Temperado para Sushi | E43: ='Cadastro Produtos Fracionados'!D3 -> KG | F43: =SUMIFS('Saída Estoque Fracionado'!$G:$G,'Saída Estoque Fracionado'!$C:$C,C43,'Saída Estoque Fracionado'!$F:$F,"Sushi") -> 12 | G43: =IF(F43<=(0),"⚠ ABAIXO DO MÍNIMO","✓ NORMAL") -> ✓ NORMAL
A44: Sushi | B44: Fracionado | C44: ='Cadastro Produtos Fracionados'!A4 -> FR-003 | D44: ='Cadastro Produtos Fracionados'!B4 -> Alface Higienizada e Cortada | E44: ='Cadastro Produtos Fracionados'!D4 -> KG | F44: =SUMIFS('Saída Estoque Fracionado'!$G:$G,'Saída Estoque Fracionado'!$C:$C,C44,'Saída Estoque Fracionado'!$F:$F,"Sushi") -> 0 | G44: =IF(F44<=(0),"⚠ ABAIXO DO MÍNIMO","✓ NORMAL") -> ⚠ ABAIXO DO MÍNIMO
A45: Sushi | B45: Fracionado | C45: ='Cadastro Produtos Fracionados'!A5 -> FR-004 | D45: ='Cadastro Produtos Fracionados'!B5 -> Frango Grelhado em Cubos | E45: ='Cadastro Produtos Fracionados'!D5 -> KG | F45: =SUMIFS('Saída Estoque Fracionado'!$G:$G,'Saída Estoque Fracionado'!$C:$C,C45,'Saída Estoque Fracionado'!$F:$F,"Sushi") -> 0 | G45: =IF(F45<=(0),"⚠ ABAIXO DO MÍNIMO","✓ NORMAL") -> ⚠ ABAIXO DO MÍNIMO
A46: Sushi | B46: Fracionado | C46: ='Cadastro Produtos Fracionados'!A6 -> FR-005 | D46: ='Cadastro Produtos Fracionados'!B6 -> Tomate Picado | E46: ='Cadastro Produtos Fracionados'!D6 -> KG | F46: =SUMIFS('Saída Estoque Fracionado'!$G:$G,'Saída Estoque Fracionado'!$C:$C,C46,'Saída Estoque Fracionado'!$F:$F,"Sushi") -> 0 | G46: =IF(F46<=(0),"⚠ ABAIXO DO MÍNIMO","✓ NORMAL") -> ⚠ ABAIXO DO MÍNIMO
A47: Restaurante Arboreto | B47: Fracionado | C47: ='Cadastro Produtos Fracionados'!A2 -> FR-001 | D47: ='Cadastro Produtos Fracionados'!B2 -> Salmão Fatiado para Sushi | E47: ='Cadastro Produtos Fracionados'!D2 -> KG | F47: =SUMIFS('Saída Estoque Fracionado'!$G:$G,'Saída Estoque Fracionado'!$C:$C,C47,'Saída Estoque Fracionado'!$F:$F,"Restaurante Arboreto") -> 0 | G47: =IF(F47<=(0),"⚠ ABAIXO DO MÍNIMO","✓ NORMAL") -> ⚠ ABAIXO DO MÍNIMO
A48: Restaurante Arboreto | B48: Fracionado | C48: ='Cadastro Produtos Fracionados'!A3 -> FR-002 | D48: ='Cadastro Produtos Fracionados'!B3 -> Arroz Temperado para Sushi | E48: ='Cadastro Produtos Fracionados'!D3 -> KG | F48: =SUMIFS('Saída Estoque Fracionado'!$G:$G,'Saída Estoque Fracionado'!$C:$C,C48,'Saída Estoque Fracionado'!$F:$F,"Restaurante Arboreto") -> 0 | G48: =IF(F48<=(0),"⚠ ABAIXO DO MÍNIMO","✓ NORMAL") -> ⚠ ABAIXO DO MÍNIMO
A49: Restaurante Arboreto | B49: Fracionado | C49: ='Cadastro Produtos Fracionados'!A4 -> FR-003 | D49: ='Cadastro Produtos Fracionados'!B4 -> Alface Higienizada e Cortada | E49: ='Cadastro Produtos Fracionados'!D4 -> KG | F49: =SUMIFS('Saída Estoque Fracionado'!$G:$G,'Saída Estoque Fracionado'!$C:$C,C49,'Saída Estoque Fracionado'!$F:$F,"Restaurante Arboreto") -> 0 | G49: =IF(F49<=(0),"⚠ ABAIXO DO MÍNIMO","✓ NORMAL") -> ⚠ ABAIXO DO MÍNIMO
A50: Restaurante Arboreto | B50: Fracionado | C50: ='Cadastro Produtos Fracionados'!A5 -> FR-004 | D50: ='Cadastro Produtos Fracionados'!B5 -> Frango Grelhado em Cubos | E50: ='Cadastro Produtos Fracionados'!D5 -> KG | F50: =SUMIFS('Saída Estoque Fracionado'!$G:$G,'Saída Estoque Fracionado'!$C:$C,C50,'Saída Estoque Fracionado'!$F:$F,"Restaurante Arboreto") -> 0 | G50: =IF(F50<=(0),"⚠ ABAIXO DO MÍNIMO","✓ NORMAL") -> ⚠ ABAIXO DO MÍNIMO
A51: Restaurante Arboreto | B51: Fracionado | C51: ='Cadastro Produtos Fracionados'!A6 -> FR-005 | D51: ='Cadastro Produtos Fracionados'!B6 -> Tomate Picado | E51: ='Cadastro Produtos Fracionados'!D6 -> KG | F51: =SUMIFS('Saída Estoque Fracionado'!$G:$G,'Saída Estoque Fracionado'!$C:$C,C51,'Saída Estoque Fracionado'!$F:$F,"Restaurante Arboreto") -> 6 | G51: =IF(F51<=(0),"⚠ ABAIXO DO MÍNIMO","✓ NORMAL") -> ✓ NORMAL

Sheet Alertas
A1: ALERTA DE ESTOQUE MÍNIMO — POR PRODUTO (CONSOLIDADO)
A2: Código | B2: Nome do Produto | C2: Tipo | D2: Unidade | E2: Saldo Atual | F2: Estoque Mínimo | G2: Diferença | H2: Status
A3: ='Estoque Atual por Produto'!A3 -> BR-001 | B3: ='Estoque Atual por Produto'!B3 -> Salmão Fresco | C3: Bruto | D3: ='Estoque Atual por Produto'!C3 -> KG | E3: ='Estoque Atual por Produto'!F3 -> 15 | F3: ='Estoque Atual por Produto'!G3 -> 5 | G3: =E3-F3 -> 10 | H3: =IF(E3<=F3,"⚠ ABAIXO DO MÍNIMO","✓ NORMAL") -> ✓ NORMAL
A4: ='Estoque Atual por Produto'!A4 -> BR-002 | B4: ='Estoque Atual por Produto'!B4 -> Arroz Japonês | C4: Bruto | D4: ='Estoque Atual por Produto'!C4 -> KG | E4: ='Estoque Atual por Produto'!F4 -> 10 | F4: ='Estoque Atual por Produto'!G4 -> 10 | G4: =E4-F4 -> 0 | H4: =IF(E4<=F4,"⚠ ABAIXO DO MÍNIMO","✓ NORMAL") -> ⚠ ABAIXO DO MÍNIMO
A5: ='Estoque Atual por Produto'!A5 -> BR-003 | B5: ='Estoque Atual por Produto'!B5 -> Alface Americana | C5: Bruto | D5: ='Estoque Atual por Produto'!C5 -> UN | E5: ='Estoque Atual por Produto'!F5 -> 5 | F5: ='Estoque Atual por Produto'!G5 -> 5 | G5: =E5-F5 -> 0 | H5: =IF(E5<=F5,"⚠ ABAIXO DO MÍNIMO","✓ NORMAL") -> ⚠ ABAIXO DO MÍNIMO
A6: ='Estoque Atual por Produto'!A6 -> BR-004 | B6: ='Estoque Atual por Produto'!B6 -> Filé de Frango | C6: Bruto | D6: ='Estoque Atual por Produto'!C6 -> KG | E6: ='Estoque Atual por Produto'!F6 -> 5 | F6: ='Estoque Atual por Produto'!G6 -> 8 | G6: =E6-F6 -> -3 | H6: =IF(E6<=F6,"⚠ ABAIXO DO MÍNIMO","✓ NORMAL") -> ⚠ ABAIXO DO MÍNIMO
A7: ='Estoque Atual por Produto'!A7 -> BR-005 | B7: ='Estoque Atual por Produto'!B7 -> Tomate | C7: Bruto | D7: ='Estoque Atual por Produto'!C7 -> KG | E7: ='Estoque Atual por Produto'!F7 -> 8 | F7: ='Estoque Atual por Produto'!G7 -> 5 | G7: =E7-F7 -> 3 | H7: =IF(E7<=F7,"⚠ ABAIXO DO MÍNIMO","✓ NORMAL") -> ✓ NORMAL
A8: ='Estoque Atual por Produto'!A8 -> BR-006 | B8: ='Estoque Atual por Produto'!B8 -> Queijo Muçarela | C8: Bruto | D8: ='Estoque Atual por Produto'!C8 -> KG | E8: ='Estoque Atual por Produto'!F8 -> 0 | F8: ='Estoque Atual por Produto'!G8 -> 5 | G8: =E8-F8 -> -5 | H8: =IF(E8<=F8,"⚠ ABAIXO DO MÍNIMO","✓ NORMAL") -> ⚠ ABAIXO DO MÍNIMO
A9: ='Estoque Atual por Produto'!A12 -> FR-001 | B9: ='Estoque Atual por Produto'!B12 -> Salmão Fatiado para Sushi | C9: Fracionado | D9: ='Estoque Atual por Produto'!C12 -> KG | E9: ='Estoque Atual por Produto'!F12 -> 7 | F9: ='Estoque Atual por Produto'!G12 -> 2 | G9: =E9-F9 -> 5 | H9: =IF(E9<=F9,"⚠ ABAIXO DO MÍNIMO","✓ NORMAL") -> ✓ NORMAL
A10: ='Estoque Atual por Produto'!A13 -> FR-002 | B10: ='Estoque Atual por Produto'!B13 -> Arroz Temperado para Sushi | C10: Fracionado | D10: ='Estoque Atual por Produto'!C13 -> KG | E10: ='Estoque Atual por Produto'!F13 -> 10 | F10: ='Estoque Atual por Produto'!G13 -> 3 | G10: =E10-F10 -> 7 | H10: =IF(E10<=F10,"⚠ ABAIXO DO MÍNIMO","✓ NORMAL") -> ✓ NORMAL
A11: ='Estoque Atual por Produto'!A14 -> FR-003 | B11: ='Estoque Atual por Produto'!B14 -> Alface Higienizada e Cortada | C11: Fracionado | D11: ='Estoque Atual por Produto'!C14 -> KG | E11: ='Estoque Atual por Produto'!F14 -> 3 | F11: ='Estoque Atual por Produto'!G14 -> 2 | G11: =E11-F11 -> 1 | H11: =IF(E11<=F11,"⚠ ABAIXO DO MÍNIMO","✓ NORMAL") -> ✓ NORMAL
A12: ='Estoque Atual por Produto'!A15 -> FR-004 | B12: ='Estoque Atual por Produto'!B15 -> Frango Grelhado em Cubos | C12: Fracionado | D12: ='Estoque Atual por Produto'!C15 -> KG | E12: ='Estoque Atual por Produto'!F15 -> 0 | F12: ='Estoque Atual por Produto'!G15 -> 2 | G12: =E12-F12 -> -2 | H12: =IF(E12<=F12,"⚠ ABAIXO DO MÍNIMO","✓ NORMAL") -> ⚠ ABAIXO DO MÍNIMO
A13: ='Estoque Atual por Produto'!A16 -> FR-005 | B13: ='Estoque Atual por Produto'!B16 -> Tomate Picado | C13: Fracionado | D13: ='Estoque Atual por Produto'!C16 -> KG | E13: ='Estoque Atual por Produto'!F16 -> 5 | F13: ='Estoque Atual por Produto'!G16 -> 2 | G13: =E13-F13 -> 3 | H13: =IF(E13<=F13,"⚠ ABAIXO DO MÍNIMO","✓ NORMAL") -> ✓ NORMAL
A15: ALERTA DE VALIDADE — LOTES EM ESTOQUE (LIMIAR: 3 DIAS = URGENTE, 7 DIAS = ATENÇÃO)
A16: Tipo | B16: Código | C16: Nome do Produto | D16: Nº do Lote | E16: Data de Validade | F16: Dias Para Vencer | G16: Status
A17: Bruto (Central) | B17: ='Entrada na Central'!C2 -> BR-001 | C17: ='Entrada na Central'!D2 -> Salmão Fresco | D17: ='Entrada na Central'!J2 -> L001 | E17: ='Entrada na Central'!K2 -> 46215 | F17: =E17-TODAY() -> 3 | G17: =IF(F17<0,"✖ VENCIDO",IF(F17<=3,"⚠ URGENTE",IF(F17<=7,"⏳ ATENÇÃO","✓ OK"))) -> ⚠ URGENTE
A18: Bruto (Central) | B18: ='Entrada na Central'!C3 -> BR-002 | C18: ='Entrada na Central'!D3 -> Arroz Japonês | D18: ='Entrada na Central'!J3 -> L002 | E18: ='Entrada na Central'!K3 -> 46388 | F18: =E18-TODAY() -> 176 | G18: =IF(F18<0,"✖ VENCIDO",IF(F18<=3,"⚠ URGENTE",IF(F18<=7,"⏳ ATENÇÃO","✓ OK"))) -> ✓ OK
A19: Bruto (Central) | B19: ='Entrada na Central'!C4 -> BR-004 | C19: ='Entrada na Central'!D4 -> Filé de Frango | D19: ='Entrada na Central'!J4 -> L003 | E19: ='Entrada na Central'!K4 -> 46212 | F19: =E19-TODAY() -> 0 | G19: =IF(F19<0,"✖ VENCIDO",IF(F19<=3,"⚠ URGENTE",IF(F19<=7,"⏳ ATENÇÃO","✓ OK"))) -> ⚠ URGENTE
A20: Bruto (Central) | B20: ='Entrada na Central'!C5 -> BR-005 | C20: ='Entrada na Central'!D5 -> Tomate | D20: ='Entrada na Central'!J5 -> L004 | E20: ='Entrada na Central'!K5 -> 46213 | F20: =E20-TODAY() -> 1 | G20: =IF(F20<0,"✖ VENCIDO",IF(F20<=3,"⚠ URGENTE",IF(F20<=7,"⏳ ATENÇÃO","✓ OK"))) -> ⚠ URGENTE
A21: Bruto (Central) | B21: ='Entrada na Central'!C6 -> BR-003 | C21: ='Entrada na Central'!D6 -> Alface Americana | D21: ='Entrada na Central'!J6 -> L005 | E21: ='Entrada na Central'!K6 -> 46212 | F21: =E21-TODAY() -> 0 | G21: =IF(F21<0,"✖ VENCIDO",IF(F21<=3,"⚠ URGENTE",IF(F21<=7,"⏳ ATENÇÃO","✓ OK"))) -> ⚠ URGENTE
A22: Fracionado | B22: ='Entrada Estoque Fracionado'!C2 -> FR-001 | C22: ='Entrada Estoque Fracionado'!D2 -> Salmão Fatiado para Sushi | D22: ='Entrada Estoque Fracionado'!B2 -> LP-001 | E22: ='Entrada Estoque Fracionado'!H2 -> 46211 | F22: =E22-TODAY() -> -1 | G22: =IF(F22<0,"✖ VENCIDO",IF(F22<=3,"⚠ URGENTE",IF(F22<=7,"⏳ ATENÇÃO","✓ OK"))) -> ✖ VENCIDO
A23: Fracionado | B23: ='Entrada Estoque Fracionado'!C3 -> FR-002 | C23: ='Entrada Estoque Fracionado'!D3 -> Arroz Temperado para Sushi | D23: ='Entrada Estoque Fracionado'!B3 -> LP-002 | E23: ='Entrada Estoque Fracionado'!H3 -> 46211 | F23: =E23-TODAY() -> -1 | G23: =IF(F23<0,"✖ VENCIDO",IF(F23<=3,"⚠ URGENTE",IF(F23<=7,"⏳ ATENÇÃO","✓ OK"))) -> ✖ VENCIDO
A24: Fracionado | B24: ='Entrada Estoque Fracionado'!C4 -> FR-003 | C24: ='Entrada Estoque Fracionado'!D4 -> Alface Higienizada e Cortada | D24: ='Entrada Estoque Fracionado'!B4 -> LP-003 | E24: ='Entrada Estoque Fracionado'!H4 -> 46212 | F24: =E24-TODAY() -> 0 | G24: =IF(F24<0,"✖ VENCIDO",IF(F24<=3,"⚠ URGENTE",IF(F24<=7,"⏳ ATENÇÃO","✓ OK"))) -> ⚠ URGENTE
A25: Fracionado | B25: ='Entrada Estoque Fracionado'!C5 -> FR-005 | C25: ='Entrada Estoque Fracionado'!D5 -> Tomate Picado | D25: ='Entrada Estoque Fracionado'!B5 -> LP-004 | E25: ='Entrada Estoque Fracionado'!H5 -> 46211 | F25: =E25-TODAY() -> -1 | G25: =IF(F25<0,"✖ VENCIDO",IF(F25<=3,"⚠ URGENTE",IF(F25<=7,"⏳ ATENÇÃO","✓ OK"))) -> ✖ VENCIDO

Sheet Dashboard Gerencial
A1: Dashboard Gerencial — Estoque
A2: Atualizado automaticamente a partir das abas 1 a 8
A4: Total de Produtos Brutos Cadastrados | B4: =COUNTA('Cadastro Produtos Brutos'!A2:A301) -> 6
A5: Total de Produtos Fracionados Cadastrados | B5: =COUNTA('Cadastro Produtos Fracionados'!A2:A301) -> 5
A6: Total de Locais Ativos | B6: =COUNTIF('Cadastro de Locais'!E2:E301,"Sim") -> 5
A7: Valor Total Recebido na Central (R$) | B7: =SUM('Entrada na Central'!I2:I301) -> 2657.5
A8: Valor Total em Estoque na Central (R$) | B8: =SUMPRODUCT(('Estoque Atual por Produto'!F3:F8)*('Cadastro Produtos Brutos'!I2:I7)) -> 890.5
A9: Quantidade Total Distribuída da Central | B9: =SUM('Saída da Central'!G2:G301) -> 87
A10: Quantidade Total Produzida (Fracionados) | B10: =SUM('Entrada Estoque Fracionado'!E2:E301) -> 58
A11: Quantidade Total Distribuída (Fracionados) | B11: =SUM('Saída Estoque Fracionado'!G2:G301) -> 33
A12: Produtos Abaixo do Estoque Mínimo | B12: =COUNTIF(Alertas!H3:H13,"*ABAIXO*") -> 5
A13: Lotes Vencidos ou Vencimento Urgente (≤3 dias) | B13: =COUNTIF(Alertas!G17:G25,"*VENCIDO*")+COUNTIF(Alertas!G17:G25,"*URGENTE*") -> 8
A14: Lotes com Vencimento em Até 7 Dias | B14: =COUNTIF(Alertas!G17:G25,"*ATENÇÃO*") -> 0
A17: Nº de Itens em Estoque por Local
A18: Local | B18: Itens em Estoque
A19: Central de Distribuição | B19: =COUNTIFS('Estoque Atual por Local'!$A:$A,A19,'Estoque Atual por Local'!$F:$F,">0") -> 5
A20: Cozinha de Produção de Fracionados | B20: =COUNTIFS('Estoque Atual por Local'!$A:$A,A20,'Estoque Atual por Local'!$F:$F,">0") -> 6
A21: Buffet Fran Casaria | B21: =COUNTIFS('Estoque Atual por Local'!$A:$A,A21,'Estoque Atual por Local'!$F:$F,">0") -> 2
A22: Sushi | B22: =COUNTIFS('Estoque Atual por Local'!$A:$A,A22,'Estoque Atual por Local'!$F:$F,">0") -> 2
A23: Restaurante Arboreto | B23: =COUNTIFS('Estoque Atual por Local'!$A:$A,A23,'Estoque Atual por Local'!$F:$F,">0") -> 2
A25: Para análises ad hoc adicionais (ex.: total movimentado por mês, por responsável, por fornecedor), insira uma Tabela Dinâmica em Inserir > Tabela Dinâmica usando o intervalo da aba "Movimentações Gerais".
